axis_word	orbit_size	weight	rank	signature	case_0_a_mask	case_1_a_mask	case_2_a_mask	case_3_a_mask	case_4_a_mask	case_5_a_mask
000000	1	0	0	000	0000000000000000000000000000000000000000000000000000000000000000000000000000000000000000000000000000000000000000000000000000000000000000000000000000000000000000000000000000000000000000000000000000000000000000000000000000000000000000000000000000000000000000	0000000000000000000000000000000000000000000000000000000000000000000000000000000000000000000000000000000000000000000000000000000000000000000000000000000000000000000000000000000000000000000000000000000000000000000000000000000000000000000000000000000000000000	0000000000000000000000000000000000000000000000000000000000000000000000000000000000000000000000000000000000000000000000000000000000000000000000000000000000000000000000000000000000000000000000000000000000000000000000000000000000000000000000000000000000000000	0000000000000000000000000000000000000000000000000000000000000000000000000000000000000000000000000000000000000000000000000000000000000000000000000000000000000000000000000000000000000000000000000000000000000000000000000000000000000000000000000000000000000000	0000000000000000000000000000000000000000000000000000000000000000000000000000000000000000000000000000000000000000000000000000000000000000000000000000000000000000000000000000000000000000000000000000000000000000000000000000000000000000000000000000000000000000	0000000000000000000000000000000000000000000000000000000000000000000000000000000000000000000000000000000000000000000000000000000000000000000000000000000000000000000000000000000000000000000000000000000000000000000000000000000000000000000000000000000000000000
05cb97	7	12	3	000	0000000000000000000000000000000000000000000000000000000000000000000000000000000000000000000000000000000000000000000000000000000000000000000000000000000000000000000000000000000000000000000000000000000000000000000000000000000000000000000000000000000000000000	0000000000000000000000000000000000000000000000000000000000000000000000000000000000000000000000000000000000000000000000000000000000000000000000000000000000000000000000000000000000000000000000000000000000000000000000000000000000000000000000000000000000000000	0000000000000000000000000000000000000000000000000000000000000000000000000000000000000000000000000000000000000000000000000000000000000000000000000000000000000000000000000000000000000000000000000000000000000000000000000000000000000000000000000000000000000000	0000000000000000000000000000000000000000000000000000000000000000000000000000000000000000000000000000000000000000000000000000000000000000000000000000000000000000000000000000000000000000000000000000000000000000000000000000000000000000000000000000000000000000	0000000000000000000000000000000000000000000000000000000000000000000000000000000000000000000000000000000000000000000000000000000000000000000000000000000000000000000000000000000000000000000000000000000000000000000000000000000000000000000000000000000000000000	0000000000000000000000000000000000000000000000000000000000000000000000000000000000000000000000000000000000000000000000000000000000000000000000000000000000000000000000000000000000000000000000000000000000000000000000000000000000000000000000000000000000000000
00000f	21	4	10	005	401020802561921ac50000ca2cc0c01e001122004220128120010210108040202580401a20c4c81000c0c0002060901190211260188e4d0410619220402a158001a854020449860820b2711806488409880906040003030008132304580201a40402010808408004814804420044880078030334530000a3584986a401040802	001020802061921a000000ca20c0c01e001122004221128120010210108040202580401a20c4c81000c0c0002260801190210260188e4c0410618220402a048001205402044186082032711806408409880106440003030008132304580201a40402010808408004814884420044880078030304530000005849860401040800	001122ea20e1d21e001122ee20e1d21e02112211d2e0d2e122112211d2e1d2a02de1c21e22eecc112de1c21e20ee8c11d261c2e1ddeeccced2e1c2e1ddeeccee773377bb8743874b733377bb8743864b88317704784387b488337744784387b4054b874b88448844874b074b88448840784b870477448800784b870457448800	401020802561921ac50000ca2dc0c01e001122004221128020010200108040202580400a20c4c80000c0c0002260800090210200188e4c0010618200402a040000a844020449840804b2401804488409880904440003000008130004580200a40402000800400004004804420044000048030004400000004849040400040000	401020802561921ac50000ca2dc0c01e001122004221128020010200108040202580400a20c4c80000c0c0002260800090210200188e4c0010618200402a040000a844020449840804b2401804488409880904440003000008130004580200a40402000800400004004804420044000048030004400000004849040400040000	001122ee20e1d21e001122ee20e1d21e22112200d2e1d2e022112200d2e1d2a02de1c20e22eecc002de1c20e22eecc00d2e1c200ddeecc00d2e1c200ddeecc00443344bb8443844b403344bb8443844b88334444784384b488334444784384b4044b044b00440044044b044b00440044484b040444440000484b040444440000
00e48d	21	8	10	005	dd1122ee2de1d21edd1122ee2de1d21e22112211d2e1d2e122112211d2e1d2e12de1d21e22eedd112de1d21e22eedd11d2e1d2e1ddeeddeed2e1d2e1ddeeddee77bb77bb874b874b77bb77bb874b874b88bb7744784b87b488bb7744784b87b4874b874b88448844874b874b88448844784b87b4774488bb784b87b4774488bb	001122ee20e1d21e001122ee20e1d21e22112211d2e1d2e122112211d2e1d2e12de1c21e22eecc112de1c21e22eecc11d2e1c2e1ddeecceed2e1c2e1ddeeccee773377bb8743874b773377bb8743874b88337744784387b488337744784387b4874b874b88448844874b874b88448844784b870477448800784b870477448800	001122ee20e1d21e001122ee20e1d21e22112211d2e1d2e122112211d2e1d2a02de1c21e22eecc112de1c21e22eecc11d2e1c2e1ddeecceed2e1c2e1ddeeccee773377bb8743874b773377bb8743874b88337744784387b488337744784387b4054b874b88448844874b874b88448844784b870477448800784b870477448800	d91122ee2de1d21edd1122ee2de1d21e22112200d2e1d2e022112200d2e1d2a02de1c20e22eecc002de1c20e22eecc00d2e1c200ddeecc00d2e1c200ddeecc0044bb44bb844b844b44bb44bb844b844b88bb4444784b84b488bb4444784b84b4044b044b00440044044b044b00440044484b040444440000484b040444440000	d91122ee2de1d21edd1122ee2de1d21e22112200d2e1d2e022112200d2e1d2a02de1c20e22eecc002de1c20e22eecc00d2e1c200ddeecc00d2e1c200ddeecc0044bb44bb844b844b44bb44bb844b844b88bb4444784b84b488bb4444784b84b4044b044b00440044044b044b00440044484b040444440000484b040444440000	001122ee20e1d21e001122ee20e1d21e22112200d2e1d2e022112200d2e1d2a02de1c20e22eecc002de1c20e22eecc00d2e1c200ddeecc00d2e1c200ddeecc00443344bb8443844b443344bb8443844b88334444784384b488334444784384b4044b044b00440044044b044b00440044484b040444440000484b040444440000
01cded	21	12	10	005	dd1122ee2de1d21edd1122ee2de1d21e22112211d2e1d2e122112211d2e1d2e12de1d21e22eedd112de1d21e22eedd11d2e1d2e1ddeeddeed2e1d2e1ddeeddee77bb77bb874b874b77bb77bb874b874b88bb7744784b87b488bb7744784b87b4874b874b88448844874b874b88448844784b87b4774488bb784b87b4774488bb	001122ee20e1d21e001122ee20e1d21e22112211d2e1d2e122112211d2e1d2e12de1c21e22eecc112de1c21e22eecc11d2e1c2e1ddeecceed2e1c2e1ddeeccee773377bb8743874b773377bb8743874b88337744784387b488337744784387b4874b874b88448844874b874b88448844784b870477448800784b870477448800	001122ee20e1d21e001122ee20e1d21e22112211d2e1d2e122112211d2e1d2a02de1c21e22eecc112de1c21e22eecc11d2e1c2e1ddeecceed2e1c2e1ddeeccee773377bb8743874b773377bb8743874b88337744784387b488337744784387b4054b874b88448844874b874b88448844784b870477448800784b870477448800	d91122ee2de1d21edd1122ee2de1d21e22112200d2e1d2e022112200d2e1d2a02de1c20e22eecc002de1c20e22eecc00d2e1c200ddeecc00d2e1c200ddeecc0044bb44bb844b844b44bb44bb844b844b88bb4444784b84b488bb4444784b84b4044b044b00440044044b044b00440044484b040444440000484b040444440000	d91122ee2de1d21edd1122ee2de1d21e22112200d2e1d2e022112200d2e1d2a02de1c20e22eecc002de1c20e22eecc00d2e1c200ddeecc00d2e1c200ddeecc0044bb44bb844b844b44bb44bb844b844b88bb4444784b84b488bb4444784b84b4044b044b00440044044b044b00440044484b040444440000484b040444440000	001122ee20e1d21e001122ee20e1d21e22112200d2e1d2e022112200d2e1d2a02de1c20e22eecc002de1c20e22eecc00d2e1c200ddeecc00d2e1c200ddeecc00443344bb8443844b443344bb8443844b88334444784384b488334444784384b4044b044b00440044044b044b00440044484b040444440000484b040444440000
00001b	21	4	9	00a	0080007000000000008000700000000000800080000000000080008000000000000000000008000700000000000800070000000000080008000000000008000810001000000000001000100000000000e000100000000000e00010000000000000000000010001000000000001000100000000000e000100000000000e000100	0080007000000000008000700000000000800080000000000080008000000000000000000008000700000000000800070000000000080008000000000008000810001000000000001000100000000000e000100000000000e00010000000000000000000010001000000000001000100000000000e000100000000000e000100	0080007000000000008000700000000000800080000000000080008000000000000000000008000700000000000800070000000000080008000000000008000810001000000000001000100000000000e000100000000000e00010000000000000000000010001000000000001000100000000000e000100000000000e000100	0080000000000000008000000000000000800000000000000080000000000000000000000008000000000000000800000000000000080000000000000008000000000000000000000000000000000000a000000000000000a00000000000000000000000000000000000000000000000000000000a000000000000000a000000	0080000000000000008000000000000000800000000000000080000000000000000000000008000000000000000800000000000000080000000000000008000000000000000000000000000000000000a000000000000000a00000000000000000000000000000000000000000000000000000000a000000000000000a000000	0080000000000000008000000000000000800000000000000080000000000000000000000008000000000000000800000000000000080000000000000008000000000000000000000000000000000000a000000000000000a00000000000000000000000000000000000000000000000000000000a000000000000000a000000
007643	21	8	10	00c	88bb7744784b87b488bb7744784b87b477bb77bb874b874b77bb77bb874b874b784b87b4774488bb784b87b4774488bb874b874b88448844874b874b8844884422112211d2e1d2e122112211d2e1d2e1dd1122ee2de1d21edd1122ee2de1d21ed2e1d2e1ddeeddeed2e1d2e1ddeeddee2de1d21e22eedd112de1d21e22eedd11	00bb7744704b87b400bb7744704b87b477bb77bb874b874b77bb77bb874b874b784b07b4774400bb784b07b4774400bb874b074b88440044874b074b8844004422002211d2e0d2e122002211d2e0d2e1dd0022ee2de0d21edd0022ee2de0d21ed2e1d2e1ddeeddeed2e1d2e1ddeeddee2de1d20e22eedd002de1d20e22eedd00	00bb7744704b87b400bb7704704b87b477bb77bb874b874b77bb77bb874b874b784b07b4774400bb784b07b4774400bb874b074b88440044874b074b8844004422002211d2e0d2e122002211d2e0d2e1dd0022ee2de0d21edd0022ee2de0d21ed2e1d2e1ddeeddeed2e1d2e1ddeeddee2de1d20e20eedd002de1d20e22eedd00	88bb7744784b87b488bb7704784b87b477bb7700874b874077bb7700874b8740784b070477440000784b070477440000874b070088440000874b07008844000022112211d2e1d2e122112211d2e1d2e1dd1122ee2de1d21edd1122ee2de1d21e02e102e100ee00ee02e102e100ee00ee2de1020e20ee00002de1020e22ee0000	88bb7744784b87b488bb7704784b87b477bb7700874b874077bb7700874b8740784b070477440000784b070477440000874b070088440000874b07008844000022112211d2e1d2e122112211d2e1d2e1dd1122ee2de1d21edd1122ee2de1d21e02e102e100ee00ee02e102e100ee00ee2de1020e20ee00002de1020e22ee0000	00bb7744704b87b400bb7704704b87b477bb7700874b874077bb7700874b8740784b070477440000784b070477440000874b070088440000874b07008844000022002211d2e0d2e122002211d2e0d2e1dd0022ee2de0d21edd0022ee2de0d21e02e102e100ee00ee02e102e100ee00ee2de1020e20ee00002de1020e22ee0000
0117df	21	12	10	00c	88bb7744784b87b488bb7744784b87b477bb77bb874b874b77bb77bb874b874b784b87b4774488bb784b87b4774488bb874b874b88448844874b874b8844884422112211d2e1d2e122112211d2e1d2e1dd1122ee2de1d21edd1122ee2de1d21ed2e1d2e1ddeeddeed2e1d2e1ddeeddee2de1d21e22eedd112de1d21e22eedd11	00bb7744704b87b400bb7744704b87b477bb77bb874b874b77bb77bb874b874b784b07b4774400bb784b07b4774400bb874b074b88440044874b074b8844004422002211d2e0d2e122002211d2e0d2e1dd0022ee2de0d21edd0022ee2de0d21ed2e1d2e1ddeeddeed2e1d2e1ddeeddee2de1d20e22eedd002de1d20e22eedd00	00bb7744704b87b400bb7704704b87b477bb77bb874b874b77bb77bb874b874b784b07b4774400bb784b07b4774400bb874b074b88440044874b074b8844004422002211d2e0d2e122002211d2e0d2e1dd0022ee2de0d21edd0022ee2de0d21ed2e1d2e1ddeeddeed2e1d2e1ddeeddee2de1d20e20eedd002de1d20e22eedd00	88bb7744784b87b488bb7704784b87b477bb7700874b874077bb7700874b8740784b070477440000784b070477440000874b070088440000874b07008844000022112211d2e1d2e122112211d2e1d2e1dd1122ee2de1d21edd1122ee2de1d21e02e102e100ee00ee02e102e100ee00ee2de1020e20ee00002de1020e22ee0000	88bb7744784b87b488bb7704784b87b477bb7700874b874077bb7700874b8740784b070477440000784b070477440000874b070088440000874b07008844000022112211d2e1d2e122112211d2e1d2e1dd1122ee2de1d21edd1122ee2de1d21e02e102e100ee00ee02e102e100ee00ee2de1020e20ee00002de1020e22ee0000	00bb7744704b87b400bb7704704b87b477bb7700874b874077bb7700874b8740784b070477440000784b070477440000874b070088440000874b07008844000022002211d2e0d2e122002211d2e0d2e1dd0022ee2de0d21edd0022ee2de0d21e02e102e100ee00ee02e102e100ee00ee2de1020e20ee00002de1020e22ee0000
036ecd	21	12	9	012	007000700000000000700070000000000070008000000000007000800000000000000000000700070000000000070007000000000007000800000000000700081000e000000000001000e00000000000e000e00000000000e000e000000000000000000001000e000000000001000e00000000000e000e00000000000e000e00	007000700000000000700070000000000070008000000000007000800000000000000000000700070000000000070007000000000007000800000000000700081000e000000000001000e00000000000e000e00000000000e000e000000000000000000001000e000000000001000e00000000000e000e00000000000e000e00	007000700000000000700070000000000070008000000000007000800000000000000000000700070000000000070007000000000007000800000000000700081000e000000000001000e00000000000e000e00000000000e000e000000000000000000001000e000000000001000e00000000000e000e00000000000e000e00	0070000000000000007000000000000000000000000000000000000000000000000000000007000000000000000700000000000000000000000000000000000000008000000000000000800000000000800080000000000080008000000000000000000000000800000000000000080000000000080008000000000008000800	0070000000000000007000000000000000000000000000000000000000000000000000000007000000000000000700000000000000000000000000000000000000008000000000000000800000000000800080000000000080008000000000000000000000000800000000000000080000000000080008000000000008000800	0070000000000000007000000000000000000000000000000000000000000000000000000007000000000000000700000000000000000000000000000000000000008000000000000000800000000000800080000000000080008000000000000000000000000800000000000000080000000000080008000000000008000800
0abf7f	21	16	10	01d	d5eeddee2d1e2d1ecdee9dee2d1e2d1e22eedd11d21e2de122e6dd11d21e2de12d1e0d1e221122112d1e2d1e02112211d21e2de19d11226ed21e2de15c1122ee7744883a87b4784b764488b987b4784b8844884078b478b48844884478b078b487b4784b88bb674487b4784b88bb774478b478b477b977b378b478b477bb77ab	00ee00ee201e201e00ee00ee201e201e22eedd11d21e2de122eedd11d21e2de12d1e2d1e221122112d1e2d1e22112211d21e2de1dd1122eed21e2de1dd1122ee774488bb87b4784b774488bb87b4784b8844884478b478b48844884478b478b487b4784b88bb774487b4784b88bb774478047804770077007804780477007700	00ee00ae201e201e00ee00ee201e201e22eedd11d21e2de122eedd11d21e2de12d1e2d1e221122112d1e2d1e22112211d21e2de1dd1122eed21e2de1dd1122ee774488bb87b4784b774488bb87b4784b8844884478b478b48844884478b478b487b4784b88bb774487b4784b88bb774478047804770077007804780475007700	ddeeddee2d1e2d1eddeeddee2d1e2d1e22eedd00d21e2de022eedd00d21e2de02d1e2d0e221122002d1e2d0e22112200d20e2d00dd002200d20e2d00dd002200774400bb87b4704b774400bb87b4704b0044004470b470b40044004470b470b407b4004b00bb004407b4004b00bb004400040004000000000004000400000000	ddeeddee2d1e2d1eddeeddee2d1e2d1e22eedd00d21e2de022eedd00d21e2de02d1e2d0e221122002d1e2d0e22112200d20e2d00dd002200d20e2d00dd002200774400bb87b4704b774400bb87b4704b0044004470b470b40044004470b470b407b4004b00bb004407b4004b00bb004400040004000000000004000400000000	00ee00ee201e201e00ee00ee201e201e22eedd00d21e2de022eedd00d21e2de02d1e2d0e221122002d1e2d0e22112200d20e2d00dd002200d20e2d00dd002200774400bb87b4704b774400bb87b4704b0044004470b470b40044004470b470b407b4004b00bb004407b4004b00bb004400040004000000000004000400000000
017b97	21	12	10	033	e12de12dee22ee22e12de12dee22ee221e2de1d21122eedd1e2de1d21122eedd11dd11dde12de12d11dd11dde12de12deedd11221e2de1d2eedd11221e2de1d24b87b4784488bb774b87b4784488bb77b487b487bb88bb88b487b487bb88bb88bb7744884b87b478bb7744884b87b47844774477b487b48744774477b487b487	012d002d0e220e22012d002d0e220e221e2de0d21122eedd1e2de0d21122eedd11dd10dd012d002d11dd10dd012d002deedd10221e2de0d2eedd10221e2de0d24b07b4784408bb774b07b4784408bb77b400b480bb08bb88b400b480bb08bb88bb7744884b07b478bb7744884b07b47844704470b400b48044704470b400b480	012d002d0e220e22012d002d0e220e221e2de0d21122eedd1e2de0d21122eedd11dd10dd012d002d11dd10dd012d002deedd10221e2de0d2eedd10221e2de0d24b07b4784408bb774b07b4784408bb77b400b480bb08bb88b400b480bb08bb88bb7744884b07b478bb7744884b07b47844704470b400b48044704470b400b480	e12de028ee22ee22e12de028ee22ee221e28e0801122ee881e28e0801122ee8811dd10d8e12de02811dd10d8e12de028eed810201e28e080eed810201e28e0804887807844888877488780784488887780808080888888888080808088888888b877408848878078b87740884887807840704070808080804070407080808080	e12de028ee22ee22e12de028ee22ee221e28e0801122ee881e28e0801122ee8811dd10d8e12de02811dd10d8e12de028eed810201e28e080eed810201e28e0804887807844888877488780784488887780808080888888888080808088888888b877408848878078b87740884887807840704070808080804070407080808080	012d00280e220e22012d00280e220e221e28e0801122ee881e28e0801122ee8811dd10d8012d002811dd10d8012d0028eed810201e28e080eed810201e28e0804807807844088877480780784408887780008080880888888000808088088888b877408848078078b87740884807807840704070800080804070407080008080
03cd3b	21	12	10	033	e12de12dee22ee22e12de12dee22ee221e2de1d21122eedd1e2de1d21122eedd11dd11dde12de12d11dd11dde12de12deedd11221e2de1d2eedd11221e2de1d24b87b4784488bb774b87b4784488bb77b487b487bb88bb88b487b487bb88bb88bb7744884b87b478bb7744884b87b47844774477b487b48744774477b487b487	012d002d0e220e22012d002d0e220e221e2de0d21122eedd1e2de0d21122eedd11dd10dd012d002d11dd10dd012d002deedd10221e2de0d2eedd10221e2de0d24b07b4784408bb774b07b4784408bb77b400b480bb08bb88b400b480bb08bb88bb7744884b07b478bb7744884b07b47844704470b400b48044704470b400b480	012d002d0e220e22012d002d0e220e221e2de0d21122eedd1e2de0d21122eedd11dd10dd012d002d11dd10dd012d002deedd10221e2de0d2eedd10221e2de0d24b07b4784408bb774b07b4784408bb77b400b480bb08bb88b400b480bb08bb88bb7744884b07b478bb7744884b07b47844704470b400b48044704470b400b480	e12de028ee22ee22e12de028ee22ee221e28e0801122ee881e28e0801122ee8811dd10d8e12de02811dd10d8e12de028eed810201e28e080eed810201e28e0804887807844888877488780784488887780808080888888888080808088888888b877408848878078b87740884887807840704070808080804070407080808080	e12de028ee22ee22e12de028ee22ee221e28e0801122ee881e28e0801122ee8811dd10d8e12de02811dd10d8e12de028eed810201e28e080eed810201e28e0804887807844888877488780784488887780808080888888888080808088888888b877408848878078b87740884887807840704070808080804070407080808080	012d00280e220e22012d00280e220e221e28e0801122ee881e28e0801122ee8811dd10d8012d002811dd10d8012d0028eed810201e28e080eed810201e28e0804807807844088877480780784408887780008080880888888000808088088888b877408848078078b87740884807807840704070800080804070407080008080
066af5	21	12	10	033	e12de12dee22ee22e12de12dee22ee221e2de1d21122eedd1e2de1d21122eedd11dd11dde12de12d11dd11dde12de12deedd11221e2de1d2eedd11221e2de1d24b87b4784488bb774b87b4784488bb77b487b487bb88bb88b487b487bb88bb88bb7744884b87b478bb7744884b87b47844774477b487b48744774477b487b487	012d002d0e220e22012d002d0e220e221e2de0d21122eedd1e2de0d21122eedd11dd10dd012d002d11dd10dd012d002deedd10221e2de0d2eedd10221e2de0d24b07b4784408bb774b07b4784408bb77b400b480bb08bb88b400b480bb08bb88bb7744884b07b478bb7744884b07b47844704470b400b48044704470b400b480	012d002d0e220e22012d002d0e220e221e2de0d21122eedd1e2de0d21122eedd11dd10dd012d002d11dd10dd012d002deedd10221e2de0d2eedd10221e2de0d24b07b4784408bb774b07b4784408bb77b400b480bb08bb88b400b480bb08bb88bb7744884b07b478bb7744884b07b47844704470b400b48044704470b400b480	e12de028ee22ee22e12de028ee22ee221e28e0801122ee881e28e0801122ee8811dd10d8e12de02811dd10d8e12de028eed810201e28e080eed810201e28e0804887807844888877488780784488887780808080888888888080808088888888b877408848878078b87740884887807840704070808080804070407080808080	e12de028ee22ee22e12de028ee22ee221e28e0801122ee881e28e0801122ee8811dd10d8e12de02811dd10d8e12de028eed810201e28e080eed810201e28e0804887807844888877488780784488887780808080888888888080808088888888b877408848878078b87740884887807840704070808080804070407080808080	012d00280e220e22012d00280e220e221e28e0801122ee881e28e0801122ee8811dd10d8012d002811dd10d8012d0028eed810201e28e080eed810201e28e0804807807844088877480780784408887780008080880888888000808088088888b877408848078078b87740884807807840704070800080804070407080008080
016863	21	8	10	039	d2e1c2e1d9aeccced061d2e0ddce55ee2de0d21422e6d9012dc1121a22eedd1122110211d0e1c0a120112210926042e1c01122ee2dc1921ed51120ce0ca1401668028530730488ab784983b47744880387420649084488048503870b8840884488bb7744584883b4809b6744284b07b477aa73bb074b860b7333759b8743874b	02e102e109ae0dce006102e10dce05ee2de0d21e22e6d9012dc1121a22eedd112211021100e102a120112210026102e1c81122ee2dc1921edd1120ce0ca1421e78428530730488bb784983b4774488138740864008448804854087008840884488bb7744584883b4809b6744784b07b477a073b08740860073b0759087408740	02e102e10dee0cee02e102e00dee0dee2de0d21422eedd112de1521e22eedd112211221102e100a12211221102e002e1d51122ee2dc1d21ed51122ee2de1d016680b87b4774488ab784b83b4774488ab8740074088448844850087408844884488bb7744784a87b488bb7744284b07b477b077b007408740773077b087408740	d2e1c2e0d9aecdced061d2e0ddce55ee2de0d20022e6d9002dc0920022eedd0022110210d0e1d2e020112210926142e0c81022e02de09200dd1020c00ca0420070420030730400bb704900b4774400130040004000440004004000000040004480bb7044504900b4809b6044704b00b470a070b00040000070b0709000400040	d2e1c2e0d9aecdced061d2e0ddce55ee2de0d20022e6d9002dc0920022eedd0022110210d0e1d2e020112210926142e0c81022e02de09200dd1020c00ca0420070420030730400bb704900b4774400130040004000440004004000000040004480bb7044504900b4809b6044704b00b470a070b00040000070b0709000400040	02e102e00dee0dee02e102e00dee0dee2de0d20022eedd002de0520022eedd002211221002e102a02211221002e102e0dd1022e02dc0d200dd1022e02de0d200704b00b4774400bb704b00b4774400bb0040004000440044004000400044004480bb7044704a00b480bb7044704b00b470b070b00040004070b070b000400040
0092b9	21	8	10	03a	b487b487bb88bb88b487b487bb88bb884b87b4784488bb774b87b4784488bb7744774477b487b48744774477b487b487bb7744884b87b478bb7744884b87b4781e2de1d21122eedd1e2de1d21122eedde12de12dee22ee22e12de12dee22ee22eedd11221e2de1d2eedd11221e2de1d211dd11dde12de12d11dd11dde12de12d	148710871b881b88148710871b881b884b87b0784488bb774b87b0784488bb7744774077148710874477407714871087bb7740884b87b078bb7740884b87b0781e0de1d21102eedd1e0de1d21102eedde108e128ee02ee22e108e128ee02ee22eedd11221e0de1d2eedd11221e0de1d211d811d8e108e12811d811d8e108e128	148710871b881b88148710871b881b884b87b0784488bb774b87b0784488bb7744774077148710874477407714871087bb7740884b87b078bb7740884b87b0781e0de1d21102eedd1e0de1d21102eedde108e128ee02ee22e108e128ee02ee22eedd11221e0de1d2eedd11221e0de1d211d811d8e108e12811d811d8e108e128	b487b080bb88bb88b487b080bb88bb884b80b0004488bb004b80b0004488bb0044774070b487b08044774070b487b080bb7040804b80b000bb7040804b80b0001a2da0d21122aadd1a2da0d21122aadda028a028aa22aa22a028a028aa22aa22eadd10221a2da0d2eadd10221a2da0d210d810d8a028a02810d810d8a028a028	b487b080bb88bb88b487b080bb88bb884b80b0004488bb004b80b0004488bb0044774070b487b08044774070b487b080bb7040804b80b000bb7040804b80b0001a2da0d21122aadd1a2da0d21122aadda028a028aa22aa22a028a028aa22aa22eadd10221a2da0d2eadd10221a2da0d210d810d8a028a02810d810d8a028a028	148710801b881b88148710801b881b884b80b0004488bb004b80b0004488bb0044774070148710804477407014871080bb7040804b80b000bb7040804b80b0001a0da0d21102aadd1a0da0d21102aadda008a028aa02aa22a008a028aa02aa22eadd10221a0da0d2eadd10221a0da0d210d810d8a008a02810d810d8a008a028
013dcf	21	12	10	060	874b78b4884477bb78b4874b77bb8844784b784b7744774487b487b488bb88bb77bb8844874b78b4884477bb78b4874b88bb88bb784b784b7744774487b487b42de12de122ee22eed21ed21edd11dd11d2e12d1eddee22112d1ed2e12211ddeedd11dd112de12de122ee22eed21ed21e2211ddeed2e12d1eddee22112d1ed2e1	074b78b4084477bb78b4844b77bb8844784b784b7744774487b484b488bb88bb77bb8844074b78b4884474bb78b4844b88bb88bb784b784b7744744487b484b42d212de1222e22eed21ed21edd11dd11d2212d1edd2e22112d1ed2e02211ddeedd11dd112d212de122ee22eed21ed21e2211ddeed2212d1eddee22102d1ed2e0	074b78b4084477bb78b4844b77bb8844784b784b7744774487b484b488bb88bb77bb8844074b78b4884474bb78b4844b88bb88bb784b784b7744744487b484b42d212de1222e22eed21ed21edd11dd11d2212d1edd2e22112d1ed2e02211ddeedd11dd112d212de122ee22eed21ed21e2211ddeed2212d1eddee22102d1ed2e0	874b78b4884477bb78b4844077bb8844784b78407744774487b4840088bb880077bb8844874b78b4884474b078b4844088bb88b0784b78407744744087b484002ce12ce122ee22eec01ec01ecc11cc11d2e12c1eddee22112c1ec0e02211cceedc11dc112ce12ce120ee20eec01ec01e2211dceed2e12c1edcee20102c1ec0e0	874b78b4884477bb78b4844077bb8844784b78407744774487b4840088bb880077bb8844874b78b4884474b078b4844088bb88b0784b78407744744087b484002ce12ce122ee22eec01ec01ecc11cc11d2e12c1eddee22112c1ec0e02211cceedc11dc112ce12ce120ee20eec01ec01e2211dceed2e12c1edcee20102c1ec0e0	074b78b4084477bb78b4844077bb8844784b78407744774487b4840088bb880077bb8844074b78b4884474b078b4844088bb88b0784b78407744744087b484002c212ce1222e22eec01ec01ecc11cc11d2212c1edd2e22112c1ec0e02211cceedc11dc112c212ce120ee20eec01ec01e2211dceed2212c1edcee20102c1ec0e0
017223	21	8	10	071	d21ed21edd11dd112de12de122ee22ee2d1ed2e12211ddeed2e12d1eddee221122ee22eed21ed21edd11dd112de12de1ddee22112d1ed2e12211ddeed2e12d1e78b4874b77bb8844874b78b4884477bb87b487b488bb88bb784b784b77447744884477bb78b4874b77bb8844874b78b47744774487b487b488bb88bb784b784b	021e021e0d110d112de12ce122ee22ee2d1ed2e12211ddeed2e12c1eddee221122ee22ee021e021edd11dc112de12ce1ddee22112d1ed2e12211dceed2e12c1e7834874b773b8844874b78b4884477bb873487b4883b88bb7840784077447744884477bb7834874b77bb8844874b78b477447744873487b488b088b078407840	021e021e0d110d112de12ce122ee22ee2d1ed2e12211ddeed2e12c1eddee221122ee22ee021e021edd11dc112de12ce1ddee22112d1ed2e12211dceed2e12c1e7834874b773b8844874b78b4884477bb873487b4883b88bb7840784077447744884477bb7834874b77bb8844874b78b477447744873487b488b088b078407840	d21ed21edd11dd112de12ce022ee22ee2d1ed2e02211ddeed2e02c00ddee220022ee22eed21ed21edd11dc102de12ce0ddee22102d1ed2e02210dce0d2e02c0078b4844b77bb8844844b40b4884444bb84b484b488bb88bb4040404044444444884474bb78b4844b74bb8044844b40b47444744484b484b480b080b040404040	d21ed21edd11dd112de12ce022ee22ee2d1ed2e02211ddeed2e02c00ddee220022ee22eed21ed21edd11dc102de12ce0ddee22102d1ed2e02210dce0d2e02c0078b4844b77bb8844844b40b4884444bb84b484b488bb88bb4040404044444444884474bb78b4844b74bb8044844b40b47444744484b484b480b080b040404040	021e021e0d110d112de12ce022ee22ee2d1ed2e02211ddeed2e02c00ddee220022ee22ee021e021edd11dc102de12ce0ddee22102d1ed2e02210dce0d2e02c007834844b773b8844844b40b4884444bb843484b4883b88bb4040404044444444884474bb7834844b74bb8044844b40b474447444843484b480b080b040404040
00f55f	21	12	10	087	ee2211dd1ed2e12dee2211dd1ed2e12deeddeedd1e2d1e2deeddeedd1e2d1e2d1ed2e12d11ddee221ed2e12d11ddee221e2d1e2d112211221e2d1e2d1122112244884488b478b47844884488b478b4784477bb88b4874b784477bb88b4874b78b478b478bb77bb77b478b478bb77bb77b4874b78bb884477b4874b78bb884477	002211dd10d2e12d002211dd10d2e12d00dd00dd102d102d00dd00dd102d102d1ed2e12d11ddee221ed2e12d11ddee221e2d0e2d112200221e2d0e2d1122002244004488b470b47844004488b470b4784477bb88b4874b784477bb88b4874b78b408b408bb00bb00b408b408bb00bb00b4874b08bb884400b4874b08bb884400	002211dd10d2e12d002211dd10d2e12d00dd00dd102d102d00dd00dd102d102d1ed2e12d11dcee221ed2e12d11ddee221e2d0e2d112200221e2d0e2d1122002244004488b470b47844004488b470b4784477bb88b4874b7844773b88b4874b78b408b408bb00bb00b408b408bb00bb00b4874b08bb884400b4874b08bb884400	ee2211881ed2e128ee2211881ed2e128eeddee881e2d1e28eeddee881e2d1e281e82e1081188ee001e82e1081188ee001e2d0e08112200001e2d0e081122000044884488b478b47844884488b478b47844778888b487487844770888b48748788408840888008800840884088800880084870808888800008487080888880000	ee2211881ed2e128ee2211881ed2e128eeddee881e2d1e28eeddee881e2d1e281e82e1081188ee001e82e1081188ee001e2d0e08112200001e2d0e081122000044884488b478b47844884488b478b47844778888b487487844770888b48748788408840888008800840884088800880084870808888800008487080888880000	0022118810d2e1280022118810d2e12800dd0088102d102800dd0088102d10281e82e1081188ee001e82e1081188ee001e2d0e08112200001e2d0e081122000044004488b470b47844004488b470b47844778888b487487844770888b48748788408840888008800840884088800880084870808888800008487080888880000
03f25d	21	12	10	087	ee2211dd1ed2e12dee2211dd1ed2e12deeddeedd1e2d1e2deeddeedd1e2d1e2d1ed2e12d11ddee221ed2e12d11ddee221e2d1e2d112211221e2d1e2d1122112244884488b478b47844884488b478b4784477bb88b4874b784477bb88b4874b78b478b478bb77bb77b478b478bb77bb77b4874b78bb884477b4874b78bb884477	002211dd10d2e12d002211dd10d2e12d00dd00dd102d102d00dd00dd102d102d1ed2e12d11ddee221ed2e12d11ddee221e2d0e2d112200221e2d0e2d1122002244004488b470b47844004488b470b4784477bb88b4874b784477bb88b4874b78b408b408bb00bb00b408b408bb00bb00b4874b08bb884400b4874b08bb884400	002211dd10d2e12d002211dd10d2e12d00dd00dd102d102d00dd00dd102d102d1ed2e12d11dcee221ed2e12d11ddee221e2d0e2d112200221e2d0e2d1122002244004488b470b47844004488b470b4784477bb88b4874b7844773b88b4874b78b408b408bb00bb00b408b408bb00bb00b4874b08bb884400b4874b08bb884400	ee2211881ed2e128ee2211881ed2e128eeddee881e2d1e28eeddee881e2d1e281e82e1081188ee001e82e1081188ee001e2d0e08112200001e2d0e081122000044884488b478b47844884488b478b47844778888b487487844770888b48748788408840888008800840884088800880084870808888800008487080888880000	ee2211881ed2e128ee2211881ed2e128eeddee881e2d1e28eeddee881e2d1e281e82e1081188ee001e82e1081188ee001e2d0e08112200001e2d0e081122000044884488b478b47844884488b478b47844778888b487487844770888b48748788408840888008800840884088800880084870808888800008487080888880000	0022118810d2e1280022118810d2e12800dd0088102d102800dd0088102d10281e82e1081188ee001e82e1081188ee001e2d0e08112200001e2d0e081122000044004488b470b47844004488b470b47844778888b487487844770888b48748788408840888008800840884088800880084870808888800008487080888880000
008c79	21	8	9	088	00b000400000000000b00040000000000040004000000000004000400000000000000000000b000400000000000b000400000000000400040000000000040004200020000000000020002000000000002000d000000000002000d00000000000000000000200020000000000020002000000000002000d000000000002000d00	00b000400000000000b00040000000000040004000000000004000400000000000000000000b000400000000000b000400000000000400040000000000040004200020000000000020002000000000002000d000000000002000d00000000000000000000200020000000000020002000000000002000d000000000002000d00	00b000400000000000b00040000000000040004000000000004000400000000000000000000b000400000000000b000400000000000400040000000000040004200020000000000020002000000000002000d000000000002000d00000000000000000000200020000000000020002000000000002000d000000000002000d00	0000000000000000000000000000000000400000000000000040000000000000000000000000000000000000000000000000000000040000000000000004000020002000000000002000200000000000200000000000000020000000000000000000000002000200000000000200020000000000020000000000000002000000	0000000000000000000000000000000000400000000000000040000000000000000000000000000000000000000000000000000000040000000000000004000020002000000000002000200000000000200000000000000020000000000000000000000002000200000000000200020000000000020000000000000002000000	0000000000000000000000000000000000400000000000000040000000000000000000000000000000000000000000000000000000040000000000000004000020002000000000002000200000000000200000000000000020000000000000000000000002000200000000000200020000000000020000000000000002000000
01f2cf	21	12	9	090	0040004000000000004000400000000000b000400000000000b00040000000000000000000040004000000000004000400000000000b000400000000000b00042000d000000000002000d00000000000200020000000000020002000000000000000000002000d000000000002000d0000000000020002000000000002000200	0040004000000000004000400000000000b000400000000000b00040000000000000000000040004000000000004000400000000000b000400000000000b00042000d000000000002000d00000000000200020000000000020002000000000000000000002000d000000000002000d0000000000020002000000000002000200	0040004000000000004000400000000000b000400000000000b00040000000000000000000040004000000000004000400000000000b000400000000000b00042000d000000000002000d00000000000200020000000000020002000000000000000000002000d000000000002000d0000000000020002000000000002000200	004000000000000000400000000000000000000000000000000000000000000000000000000400000000000000040000000000000000000000000000000000002000c000000000002000c00000000000000000000000000000000000000000000000000002000c000000000002000c0000000000000000000000000000000000	004000000000000000400000000000000000000000000000000000000000000000000000000400000000000000040000000000000000000000000000000000002000c000000000002000c00000000000000000000000000000000000000000000000000002000c000000000002000c0000000000000000000000000000000000	004000000000000000400000000000000000000000000000000000000000000000000000000400000000000000040000000000000000000000000000000000002000c000000000002000c00000000000000000000000000000000000000000000000000002000c000000000002000c0000000000000000000000000000000000
000183	21	4	7	0a0	0000000000000000000000000000000000000000000000000000000000000000000000000000000000000000000000000000000000000000000000000000000000000000000000000000000000000000000000000000000000000000000000000000000000000000000000000000000000000000000000000000000000000000	0000000000000000000000000000000000000000000000000000000000000000000000000000000000000000000000000000000000000000000000000000000000000000000000000000000000000000000000000000000000000000000000000000000000000000000000000000000000000000000000000000000000000000	0000000000000000000000000000000000000000000000000000000000000000000000000000000000000000000000000000000000000000000000000000000000000000000000000000000000000000000000000000000000000000000000000000000000000000000000000000000000000000000000000000000000000000	0000000000000000000000000000000000000000000000000000000000000000000000000000000000000000000000000000000000000000000000000000000000000000000000000000000000000000000000000000000000000000000000000000000000000000000000000000000000000000000000000000000000000000	0000000000000000000000000000000000000000000000000000000000000000000000000000000000000000000000000000000000000000000000000000000000000000000000000000000000000000000000000000000000000000000000000000000000000000000000000000000000000000000000000000000000000000	0000000000000000000000000000000000000000000000000000000000000000000000000000000000000000000000000000000000000000000000000000000000000000000000000000000000000000000000000000000000000000000000000000000000000000000000000000000000000000000000000000000000000000
038fa7	21	12	10	0b8	87b487b488bb88bb87b487b488bb88bb874b78b4884477bb874b78b4884477bb7744774487b487b47744774487b487b477bb8844874b78b477bb8844874b78b42d1ed2e12211ddee2d1ed2e12211ddee2de12de122ee22ee2de12de122ee22eeddee22112d1ed2e1ddee22112d1ed2e1dd11dd112de12de1dd11dd112de12de1	07b407b408bb08bb07b407b408bb08bb074b70b4084477bb074b70b4084477bb7744774407b407b47744774407b407b477bb8044074b70b477bb8044074b70b42d0ed2e02201ddee2d0ed2e02201ddee2de02de022ee22ee2de02de022ee22eeddee22102d0ed2e0ddee22102d0ed2e0dd10dd102de02de0dd10dd102de02de0	07b407b408bb08bb07b407b408bb08bb024b70b4080477bb074b70b4084477bb7744774407b007b47744774407b407b477bb8044074b70b477bb8044074b70b42d0ed2e02201ddee2d0ed2e02201ddee2de02de022ee22ee2de00de022ee22eeddee22102d0ed2e0ddee20102d0ed240dd10dd102de02de0dd10dd102de02de0	87b4870088bb880087b4870088bb8800874070008844770087407000884477007744774087b487007744774087b4870077b080408740700077b08040874070002d1ed2e02211ddee2d1ed2e02211ddee20e020e022ee22ee20e020e022ee22eeddee22102d1ed2e0ddee22102d1ed2e0d010d01020e020e0d010d01020e020e0	87b4870088bb880087b4870088bb8800874070008844770087407000884477007744774087b487007744774087b4870077b080408740700077b08040874070002d1ed2e02211ddee2d1ed2e02211ddee20e020e022ee22ee20e020e022ee22eeddee22102d1ed2e0ddee22102d1ed2e0d010d01020e020e0d010d01020e020e0	07b4070008bb080007b4070008bb0800074070000844770007407000084477007744774007b407007744774007b4070077b080400740700077b08040074070002d0ed2e02201ddee2d0ed2e02201ddee20e020e022ee22ee20e020e022ee22eeddee22102d0ed2e0ddee22102d0ed2e0d010d01020e020e0d010d01020e020e0
034ef3	21	12	10	0bb	e1d2e1d2eeddeedde1d2e1d2eeddeedde12d1ed2ee2211dde12d1ed2ee2211dd11221122e1d2e1d211221122e1d2e1d211ddee22e12d1ed211ddee22e12d1ed24b78b4874477bb884b78b4874477bb884b874b87448844884b874b8744884488bb8844774b78b487bb8844774b78b487bb77bb774b874b87bb77bb774b874b87	01d201d20edd0edd01d201d20edd0edd012d1ad20e2211dd012d1ad20e2211dd1122112201d201d21122112201d201d211ddea22012d1ad211ddea22012d1ad24b58b4804457bb884b58b4804457bb884b804b80448844884b804b8044884488bb8844704b58b480bb8844704b58b480bb70bb704b804b80bb70bb704b804b80	01d201d20edd0edd01d201d20edd0edd012d1ad20e2211dd012d1ad20e2211dd1122112201d201d21122112201d201d211ddea22012d1ad211ddea22012d1ad24b58b4804457bb884b58b4804457bb884b804b80448844884b804b8044884488bb8844704b58b480bb8844704b58b480bb70bb704b804b80bb70bb704b804b80	e1d2e180eeddee88e1d2e180eeddee88e1281a80ee221188e1281a80ee22118811221120e1d2e18011221120e1d2e18011d8ea20e1281a8011d8ea20e1281a804b78b0804477bb884b78b0804477bb8800800080008800880080008000880088bb8840704b78b080bb8840704b78b080b070b07000800080b070b07000800080	e1d2e180eeddee88e1d2e180eeddee88e1281a80ee221188e1281a80ee22118811221120e1d2e18011221120e1d2e18011d8ea20e1281a8011d8ea20e1281a804b78b0804477bb884b78b0804477bb8800800080008800880080008000880088bb8840704b78b080bb8840704b78b080b070b07000800080b070b07000800080	01d201800edd0e8801d201800edd0e8801281a800e22118801281a800e2211881122112001d201801122112001d2018011d8ea2001281a8011d8ea2001281a804b58b0804457bb884b58b0804457bb8800800080008800880080008000880088bb8840704b58b080bb8840704b58b080b070b07000800080b070b07000800080
004575	21	8	9	0ca	008000700000000000700080000000000070007000000000008000800000000000000000000800070000000000070008000000000007000700000000000800081000100000000000e000e000000000001000e00000000000e0001000000000000000000001000100000000000e000e000000000001000e00000000000e000100	008000700000000000700080000000000070007000000000008000800000000000000000000800070000000000070008000000000007000700000000000800081000100000000000e000e000000000001000e00000000000e0001000000000000000000001000100000000000e000e000000000001000e00000000000e000100	008000700000000000700080000000000070007000000000008000800000000000000000000800070000000000070008000000000007000700000000000800081000100000000000e000e000000000001000e00000000000e0001000000000000000000001000100000000000e000e000000000001000e00000000000e000100	008000000000000000000000000000000070000000000000008000000000000000000000000800000000000000000000000000000007000000000000000800001000100000000000a000a000000000001000a00000000000a0000000000000000000000001000100000000000a000a000000000001000a00000000000a000000	008000000000000000000000000000000070000000000000008000000000000000000000000800000000000000000000000000000007000000000000000800001000100000000000a000a000000000001000a00000000000a0000000000000000000000001000100000000000a000a000000000001000a00000000000a000000	008000000000000000000000000000000070000000000000008000000000000000000000000800000000000000000000000000000007000000000000000800001000100000000000a000a000000000001000a00000000000a0000000000000000000000001000100000000000a000a000000000001000a00000000000a000000
014d13	21	8	10	0cc	88bb7744784b87b4774488bb87b4784b8844884478b478b477bb77bb874b874b784b87b4774488bb87b4784b88bb774478b478b477bb77bb874b874b8844884422112211d2e1d2e1ddeeddee2d1e2d1e22eedd11d21e2de1dd1122ee2de1d21ed2e1d2e1ddeeddee2d1e2d1e22112211d21e2de1dd1122ee2de1d21e22eedd11	00bb7744704b87b4774488bb87b4784b0044004470b470b477bb77bb874b874b784b87b4774488bb87b4784b88bb774478b478b477bb77bb874b074b8844004422002211d2e0d2e1ddeeddee2d1e2d1e22eedd11d21e2de1dd1122ee2de1d21ed2e1d2e1ddeeddee2d0e2d0e22002200d21e2de1dd1122ee2de1d20e22eedd00	00bb7744704b87b4774488bb87b4784b0044004470b470b477bb77bb874b874b784b87b4774488bb87b4784b88bb774478b478b477bb77bb874b074b8844004422002211d2e0d2e1ddeeddee2d1e2d1e22eedd11d21e2de1dd1122ee2de1d21ed2e1d2e1ddeeddee2d0e2d0e22002200d21e2de1dd1122ee2de1d20e22eedd00	88bb7744784b87b47744880087b478408844884478b478b477bb7700874b8740784b870477448800870478008800770078b4780477bb7700874b07008844000022112211d2e1d2e1ddeeddee2d1e2d1e22eedd11d21e2de1dd1122ee2de1d21ed2e1d2e1ddeeddee2d0e2d0e22002200d21e2de1dd1122ee2de1020e22ee0000	88bb7744784b87b47744880087b478408844884478b478b477bb7700874b8740784b870477448800870478008800770078b4780477bb7700874b07008844000022112211d2e1d2e1ddeeddee2d1e2d1e22eedd11d21e2de1dd1122ee2de1d21ed2e1d2e1ddeeddee2d0e2d0e22002200d21e2de1dd1122ee2de1020e22ee0000	00bb7744704b87b47744880087b478400044004470b470b477bb7700874b8740784b870477448800870478008800770078b4780477bb7700874b07008844000022002211d2e0d2e1ddeeddee2d1e2d1e22eedd11d21e2de1dd1122ee2de1d21ed2e1d2e1ddeeddee2d0e2d0e22002200d21e2de1dd1122ee2de1020e22ee0000
005d19	21	8	10	0d7	ee22ee221ed21ed211dd11dde12de12deedd11221e2de1d21122eedde1d21e2d1ed21ed211dd11dde12de12dee22ee221e2de1d21122eedde1d21e2deedd11224488bb77b4784b87bb7744884b87b47844774477b487b487bb88bb884b784b78b4784b87bb7744884b87b4784488bb77b487b487bb88bb884b784b7844774477	0022002210d210d211dd11dde12de12d00dd1122102de1d21122eedde1d21e2d1ed21ed211dd11dde12de12dee22ee221e2de1d21122eedde1d20e2deedd00224400bb77b4704b87bb7744884b87b47844774477b487b487bb88bb884b784b78b4784b87bb7744884b87b4084488bb00b487b487bb88bb884b084b0844004400	0022002210d210d211dd11dde12de12d00dd1122102de1d21122eedde1d21e2d1ed21ed211dd11dde12de12dee22ee221e2de1d21122eedde1d20e2deedd00224400bb77b4704b87bb7744884b87b47844774477b487b487bb88bb884b784b78b4784b87bb7744884b87b4084488bb00b487b487bb88bb884b084b0844004400	ee22ee221ed21ed211dd1188e12de128eedd11221e2de1d21122ee88e1d21e281ed21e8211dd1188e12de108ee22ee001e2de1821122ee88e1820e08ee8800004488bb77b4784b87bb7744884b87b47844774477b487b4878888888848784878b4784b87bb7744884b8784084488880084878487888888880808080800000000	ee22ee221ed21ed211dd1188e12de128eedd11221e2de1d21122ee88e1d21e281ed21e8211dd1188e12de108ee22ee001e2de1821122ee88e1820e08ee8800004488bb77b4784b87bb7744884b87b47844774477b487b4878888888848784878b4784b87bb7744884b8784084488880084878487888888880808080800000000	0022002210d210d211dd1188e12de12800dd1122102de1d21122ee88e1d21e281ed21e8211dd1188e12de108ee22ee001e2de1821122ee88e1820e08ee8800004400bb77b4704b87bb7744884b87b47844774477b487b4878888888848784878b4784b87bb7744884b8784084488880084878487888888880808080800000000
029fe5	21	12	10	0dd	5dead960241c29162210221142e182a0581020e62ce1d20422e2dc10d21405e0250c0d1c22012201c28002c1d9a8d52c2d61d20a00685911d2182d201d01202e740480b804b4184b889a1600504b86b434ab159b834001438044804438b030a407a0284b083b4744204b87346704081a054187428844084468943824069b57ba	00ee00ee201e20162211221152e192e1001122ee20e1d21c22eedc11d2160de12d1e0d1c22112211c2e1d2c1ddacd5ee2d61d20e226edd11d21e2de15d1122ae754488ba87b4784b88bb7644704b86b477ab35bb834b87438844884438b078b487b0684b883b7744384b8704774488008749874a884488446804780477007700	00ea0060201c20162210221142e1c2a0001020e620e1d20422e2dd10d21425e0250c0d1c22012201c28002e1d9a8d52c2de1d20a00685911d2182d201d01206e760480b804b4184b889a1600504b87b434ab159b874001438044804438b030a407a4284b08bb4744204b87046704080005438742884408446804380406005700	ddeed9ee2d1e2d1e22112200d2e192e0dd1122ee2de1d21e22eedc00d21e0de02d1e2d0e22112200d2e1d200ddeedd002d61d20e22eedd00d20e2d005d002200754488ba87b4784b88bb7744784b86b477bb77bb834b874b0044004470b470b487b0784b883b7744784b0704774400000749074b004400440004000400000000	ddeed9ee2d1e2d1e22112200d2e192e0dd1122ee2de1d21e22eedc00d21e0de02d1e2d0e22112200d2e1d200ddeedd002d61d20e22eedd00d20e2d005d002200754488ba87b4784b88bb7744784b86b477bb77bb834b874b0044004470b470b487b0784b883b7744784b0704774400000749074b004400440004000400000000	00ee00ee201e20162211220052e1d2e0001122ee20e1d21c22eedd00d2162de02d1e0d0c22112200c2e1d200ddacd5002de1d20e226edd00d20e2d005d002200774488ba87b4784b88bb7644704b87b477ab35bb874b87430044004430b070b487b4684b88bb7744384b070477440000074b074a004400440004000400000000
04eb6d	21	12	10	0dd	ddeeddee2d1e2d1e22112211d2e1d2e1dd1122ee2de1d21e22eedd11d21e2de12d1e2d1e22112211d2e1d2e1ddeeddee2de1d21e22eedd11d21e2de1dd1122ee774488bb87b4784b88bb7744784b87b477bb77bb874b874b8844884478b478b487b4784b88bb7744784b87b4774488bb874b874b8844884478b478b477bb77bb	00ee00ee201e201e22112211d2e1d2e1001122ee20e1d21e22eedd11d21e2de12d1e2d1e22112211d2e1d2e1ddeeddee2de1d21e22eedd11d21e2de1dd1122ee774488bb87b4784b88bb7744784b87b477bb77bb874b874b8844884478b478b487b4784b88bb7744784b870477448800874b874b884488447804780477007700	00ee00ee201e201e22112211d2e1d2e1001122ee20e1d21e22eedd11d21e2de12d1e2d1e22112211d2e1d2e1ddeeddee2de1d21e22eedd11d21e2de15d1122ee774488ba87b4784b88bb7744784b87b477bb77bb874b874b8844884478b478b487b4784b88bb7744784b870477448800874b874b884488447804780477007700	ddeeddee2d1e2d1e22112200d2e1d2e0dd1122ee2de1d21e22eedd00d21e2de02d1e2d0e22112200d2e1d200ddeedd002de1d20e22eedd00d20e2d005d002200774488ba87b4784b88bb7744784b87b477bb77bb874b874b0044004470b470b487b4784b88bb7744784b070477440000074b074b004400440004000400000000	ddeeddee2d1e2d1e22112200d2e1d2e0dd1122ee2de1d21e22eedd00d21e2de02d1e2d0e22112200d2e1d200ddeedd002de1d20e22eedd00d20e2d005d002200774488ba87b4784b88bb7744784b87b477bb77bb874b874b0044004470b470b487b4784b88bb7744784b070477440000074b074b004400440004000400000000	00ee00ee201e201e22112200d2e1d2e0001122ee20e1d21e22eedd00d21e2de02d1e2d0e22112200d2e1d200ddeedd002de1d20e22eedd00d20e2d005d002200774488ba87b4784b88bb7744784b87b477bb77bb874b874b0044004470b470b487b4784b88bb7744784b070477440000074b074b004400440004000400000000
001397	21	8	10	0de	bb88bb884b784b7844774477b487b487bb7744884b87b4784488bb77b4784b874b784b7844774477b487b487bb88bb884b87b4784488bb77b4784b87bb7744881122eedde1d21e2deedd11221e2de1d211dd11dde12de12dee22ee221ed21ed2e1d21e2deedd11221e2de1d21122eedde12de12dee22ee221ed21ed211dd11dd	118811884178417844774477b487b487117744884187b4784488bb77b4784b874b784b7844774477b487b487bb88bb884b87b4784488bb77b4780b87bb7700881100eedde1d01e2deedd11221e2de1d211dd11dde12de12dee22ee221ed21ed2e1d21e2deedd11221e2de1821122ee88e12de12dee22ee221e821e8211881188	118811884178417844774477b487a487117744884187b4784488bb77b4784b874b784b7844774477b4873487bb88bb884b87b4784488bb77b4780b87bb7700881100eedde1d01e2deedd11221e2de1d211dd11dde12ce12dee22ee221ed21ed2e1d21e2deedd11221e2de1821122ee88e125e12dee22ee221e821e8211881188	bb88bb884b784b7844774400b487a480bb7744884b87b4784488bb00b4784b804b784b0844774400b4873400bb88bb004b87b4084488bb00b4080b00bb0000001122eedde1d21e2deedd11221e2de1d211dd11dde12ce12daa22aa221ad21ad2e1d21e2deedd11221e2da1821122aa88a125a12daa22aa220a820a8200880088	bb88bb884b784b7844774400b487a480bb7744884b87b4784488bb00b4784b804b784b0844774400b4873400bb88bb004b87b4084488bb00b4080b00bb0000001122eedde1d21e2deedd11221e2de1d211dd11dde12ce12daa22aa221ad21ad2e1d21e2deedd11221e2da1821122aa88a125a12daa22aa220a820a8200880088	118811884178417844774400b487a480117744884187b4784488bb00b4784b804b784b0844774400b4873400bb88bb004b87b4084488bb00b4080b00bb0000001100eedde1d01e2deedd11221e2de1d211dd11dde12ce12daa22aa221ad21ad2e1d21e2deedd11221e2da1821122aa88a125a12daa22aa220a820a8200880088
00b90b	21	8	9	0e7	002200dd002000d000dd002200d0002000dd00dd00d000d000220022002000200002000d002200dd000d000200dd0022000d000d00dd00dd00020002002200224400440040004000bb00bb00b000b0004400bb004000b000bb004400b000400004000400440044000b000b00bb00bb0004000b004400bb000b000400bb004400	002200dd002000d000dd002200d0002000dd00dd00d000d000220022002000200002000d002200dd000d000200dd0022000d000d00dd00dd00020002002200224400440040004000bb00bb00b000b0004400bb004000b000bb004400b000400004000400440044000b000b00bb00bb0004000b004400bb000b000400bb004400	002200dd002000d000dd002200d0002000dd00dd00d000d000220022002000200002000d002200dd000d000200dd0022000d000d00dd00dd00020002002200224400440040004000bb00bb00b000b0004400bb004000b000bb004400b000400004000400440044000b000b00bb00bb0004000b004400bb000b000400bb004400	002200d8002000d000d8002000d0002000dd00d800d000d0002200200020002000020008002200880008000000880000000d000800dd008800020000002200004400440040004000b800b800b000b0004400b8004000b000b8004000b00040000400040044004400080008008800880004000800440088000800000088000000	002200d8002000d000d8002000d0002000dd00d800d000d0002200200020002000020008002200880008000000880000000d000800dd008800020000002200004400440040004000b800b800b000b0004400b8004000b000b8004000b00040000400040044004400080008008800880004000800440088000800000088000000	002200d8002000d000d8002000d0002000dd00d800d000d0002200200020002000020008002200880008000000880000000d000800dd008800020000002200004400440040004000b800b800b000b0004400b8004000b000b8004000b00040000400040044004400080008008800880004000800440088000800000088000000
02ecd7	21	12	10	0f0	874b874b8844884478b478b477bb77bb87b4784b88bb7744784b87b4774488bb77bb77bb874b874b8844884478b478b4774488bb87b4784b88bb7744784b87b42de1d21e22eedd11d21e2de1dd1122ee2d1e2d1e22112211d2e1d2e1ddeeddeedd1122ee2de1d21e22eedd11d21e2de1ddeeddee2d1e2d1e22112211d2e1d2e1	074b074b0844084478b478b477bb77bb07b4784b08bb7744784b84b4774488bb77bb77bb074b074b8844884478b478b4774488bb07b4784b88bb7444784b84b42d21d21e222edd11d21e2de0dd1122ee2d1e2d1e22112211d2e0d2e0ddeeddeedd1122ee2d21d21e22eedd10d21e2de0ddeeddee2d1e2d1e22102210d2e0d2e0	074b074b0844084478b478b477bb77bb07b4784b08bb7744784b84b4774488bb77bb77bb074b074b8844884478b478b4774488bb07b4784b88bb7444784b84b42d21d21e222edd11d21e2de0dd1122ee2d1e2d1e22112211d2e0d2e0ddeeddeedd1122ee2d21d21e22eedd10d21e2de0ddeeddee2d1e2d1e22102210d2e0d2e0	874b87408844884478b4780077bb770087b4784088bb7744784084007744880077bb77b0874b87408844884078b47800774488b087b4784088b07440784084002de1d21e22eedd11d21e2ce0dd1122ee2c1e2c1e22112211c0e0c0e0cceecceedd1122ee2de1d21e22eedc10d21e2ce0dceedcee2c1e2c1e20102010c0e0c0e0	874b87408844884478b4780077bb770087b4784088bb7744784084007744880077bb77b0874b87408844884078b47800774488b087b4784088b07440784084002de1d21e22eedd11d21e2ce0dd1122ee2c1e2c1e22112211c0e0c0e0cceecceedd1122ee2de1d21e22eedc10d21e2ce0dceedcee2c1e2c1e20102010c0e0c0e0	074b07400844084478b4780077bb770007b4784008bb7744784084007744880077bb77b0074b07408844884078b47800774488b007b4784088b07440784084002d21d21e222edd11d21e2ce0dd1122ee2c1e2c1e22112211c0e0c0e0cceecceedd1122ee2d21d21e22eedc10d21e2ce0dceedcee2c1e2c1e20102010c0e0c0e0
053e5b	21	12	10	108	87b4784b774488bb87b4784b774488bb78b478b48844884478b478b48844884488bb774487b4784b88bb774487b4784b77bb77bb78b478b477bb77bb78b478b42d1e2d1eddeeddee2d1e2d1eddeeddeed21e2de122eedd11d21e2de122eedd11221122112d1e2d1e221122112d1e2d1edd1122eed21e2de1dd1122eed21e2de1	07b4784b774400bb07b4784b774400bb78b478b48844004478b478b48844004400bb774487b4704b00bb774487b4704b77bb77bb78b470b477bb77bb78b470b42d0e2d1eddeeddee2d0e2d1eddeeddeed20e2de122eedd00d20e2de122eedd00220022112d1e2d1e220022112d1e2d1edd0022eed21e2de0dd0022eed21e2de0	07b4784b774400b907b4784b774400bb78b478b08044004478b478b48844004400bb774487b4704b00bb774487b4704b77bb77bb78b470b477bb77bb78b470b42d0e2d1eddeeddee2d0e2d1eddeeddeed20e2de122eedd00d20e2de122eedd00220022112d1e2d1e220022010d1e2d1edd0022eed21e2de09d0022eed21e2de0	87b4784b7744000087b4784b7744000078b478048844000078b478048844000088bb774487b4704088bb774487b4704077bb770078b4700077bb770078b470002d1e2d1e00ee00ee2d1e2d1e00ee00eed21e2de122ee0000d21e2de122ee000022112211201e201e22112211201e201edd1122eed21e20e0dd1122eed21e20e0	87b4784b7744000087b4784b7744000078b478048844000078b478048844000088bb774487b4704088bb774487b4704077bb770078b4700077bb770078b470002d1e2d1e00ee00ee2d1e2d1e00ee00eed21e2de122ee0000d21e2de122ee000022112211201e201e22112211201e201edd1122eed21e20e0dd1122eed21e20e0	07b4784b7744000007b4784b7744000078b478048844000078b478048844000000bb774487b4704000bb774487b4704077bb770078b4700077bb770078b470002d0e2d1e00ee00ee2d0e2d1e00ee00eed20e2de122ee0000d20e2de122ee000022002211201e201e22002211201e201edd0022eed21e20e0dd0022eed21e20e0
013463	21	8	10	10b	e1d21e2d1122eedde1d21e2d1122eedd1ed21ed2ee22ee221ed21ed2ee22ee22eedd1122e1d21e2deedd1122e1d21e2d11dd11dd1ed21ed211dd11dd1ed21ed24b784b78bb88bb884b784b78bb88bb88b4784b874488bb77b4784b874488bb77447744774b784b78447744774b784b78bb774488b4784b87bb774488b4784b87	01d21e2d1122aadd01d21e2d1122aadd1ed21ed2ee22aa221ed21ed2ee22aa2200dd1122e1d21a2d00dd1122e1d21a2d11dd11dd1ed21ad211dd11dd1ed21ad24b584b78bb88bb884b584b78bb88bb88b4584b874488bb00b4584b874488bb00445544774b784b78445544774b784b78bb554488b4784b80bb554488b4784b80	01d21e2d1122aadd01d21e2d1122aadd0ed21ed2ee22aa221ed21ed2ee22aa2200dd1122e1d21a2d00dd1122e1d21a2d11dd11dd1ed21ad211dd11dd1ed21ad24b584b78bb88bb884b584b78bb88bb88b4584b874488bb00b4584b874488bb00445544774b784b78445544774b784b70bb554488b4784b80bb554488b4784b80	e1d21e2d1122aa88e1d21e2d1122aa880ed21e82ee22aa001ed21e82ee22aa00eedd1122e1d21a28eedd1122e1d21a2811dd11881ed21a8011dd11881ed21a800b780b78008800880b780b7800880088b4780b8700880000b4780b870088000000770077007800780077007700780070bb770088b0780080bb770088b0780080	e1d21e2d1122aa88e1d21e2d1122aa880ed21e82ee22aa001ed21e82ee22aa00eedd1122e1d21a28eedd1122e1d21a2811dd11881ed21a8011dd11881ed21a800b780b78008800880b780b7800880088b4780b8700880000b4780b870088000000770077007800780077007700780070bb770088b0780080bb770088b0780080	01d21e2d1122aa8801d21e2d1122aa880ed21e82ee22aa001ed21e82ee22aa0000dd1122e1d21a2800dd1122e1d21a2811dd11881ed21a8011dd11881ed21a800b580b78008800880b580b7800880088b4580b8700880000b4580b870088000000550077007800780055007700780070bb550088b0780080bb550088b0780080
02fca7	21	12	10	113	e12de12d11dd11dde12de12d11dd11dd1e2de1d2eedd11221e2de1d2eedd1122ee22ee22e12de12dee22ee22e12de12d1122eedd1e2de1d21122eedd1e2de1d24b87b478bb7744884b87b478bb774488b487b48744774477b487b487447744774488bb774b87b4784488bb774b87b478bb88bb88b487b487bb88bb88b487b487	012d012d11dd00dd012d012d11dd00dd1e2de1d2eedd00221e2de1d2eedd002200220022e12de02d00220022e12de02d1122eedd1e2de0d21122eedd1e2de0d24b07b478bb7744884b07b478bb774488b407b48744004400b407b487440044004400bb774b87b4784400bb774b87b478bb00bb88b480b480bb00bb88b480b480	012d012d11dd00dd012d012d11dd00dd1e2de1d2eedd00221e2de1d2eedd002200220022e12de02d00220022e12de02d1122eedd1e2de0d21122eedd1e2de0d24b07b478bb7744884b07b478bb774488b407b48744004400b407b487440044004400bb774b87b4784400bb774b87b478bb00bb88b480b480bb00bb88b480b480	e12de12d11dd0088e12de12d11dd00881e2de182ee8800001e2de182ee880000ee22ee22e12de028ee22ee22e12de0281122ee881e28e0801122ee881e28e0804b878478887700884b87847888770088848784870000000084878487000000004488887748878078448888774887807888888888808080808888888880808080	e12de12d11dd0088e12de12d11dd00881e2de182ee8800001e2de182ee880000ee22ee22e12de028ee22ee22e12de0281122ee881e28e0801122ee881e28e0804b878478887700884b87847888770088848784870000000084878487000000004488887748878078448888774887807888888888808080808888888880808080	012d012d11dd0088012d012d11dd00881e2de182ee8800001e2de182ee88000000220022e12de02800220022e12de0281122ee881e28e0801122ee881e28e0804b078478887700884b07847888770088840784870000000084078487000000004400887748878078440088774887807888008888808080808800888880808080
022257	21	8	10	11a	b487b48744774477b487b487447744774b87b478bb7744884b87b478bb774488bb88bb88b487b487bb88bb88b487b4874488bb774b87b4784488bb774b87b4781e2de1d2eedd11221e2de1d2eedd1122e12de12d11dd11dde12de12d11dd11dd1122eedd1e2de1d21122eedd1e2de1d2ee22ee22e12de12dee22ee22e12de12d	148714874477007714871487447700774b87b478bb7700884b87b478bb77008811881188b487b08711881188b487b0874488bb774b87b0784488bb774b87b0781e0de1d2eedd11221e0de1d2eedd1122e10de12d11881188e10de12d118811881100eedd1e2de1d21100eedd1e2de1d2ee00ee22e128e128ee00ee22e128e128	148714874477007714871487447700774b87b478bb7700884b87b478bb77008811881188b487b08711881188b487b0874488bb774b87b0784488bb774b87b0781e0de1d2eedd11221e0de1d2eedd1122e10de12d11881188e10de12d118811881100eedd1e2de1d21100eedd1e2de1d2ee00ee22e128e128ee00ee22e128e128	b487b48744770000b487b487447700004b87b408bb0000004b87b408bb000000bb88bb88b487b080bb88bb88b487b0804488bb004b80b0004488bb004b80b0001e2da1d2aadd00221e2da1d2aadd0022a12da12d00880088a12da12d008800881122aadd1a2da0d21122aadd1a2da0d2aa22aa22a028a028aa22aa22a028a028	b487b48744770000b487b487447700004b87b408bb0000004b87b408bb000000bb88bb88b487b080bb88bb88b487b0804488bb004b80b0004488bb004b80b0001e2da1d2aadd00221e2da1d2aadd0022a12da12d00880088a12da12d008800881122aadd1a2da0d21122aadd1a2da0d2aa22aa22a028a028aa22aa22a028a028	148714874477000014871487447700004b87b408bb0000004b87b408bb00000011881188b487b08011881188b487b0804488bb004b80b0004488bb004b80b0001e0da1d2aadd00221e0da1d2aadd0022a10da12d00880088a10da12d008800881100aadd1a2da0d21100aadd1a2da0d2aa00aa22a028a028aa00aa22a028a028
03d6cb	21	12	9	11c	00bb00bb000b000b00bb00bb000b000b00bb0044000b000400bb0044000b000400b000b000bb00bb00b000b000bb00bb00b0004000bb004400b0004000bb00442200dd0002000d002200dd0002000d00dd00dd000d000d00dd00dd000d000d002000d0002200dd002000d0002200dd00d000d000dd00dd00d000d000dd00dd00	00bb00bb000b000b00bb00bb000b000b00bb0044000b000400bb0044000b000400b000b000bb00bb00b000b000bb00bb00b0004000bb004400b0004000bb00442200dd0002000d002200dd0002000d00dd00dd000d000d00dd00dd000d000d002000d0002200dd002000d0002200dd00d000d000dd00dd00d000d000dd00dd00	00bb00bb000b000b00bb00bb000b000b00bb0044000b000400bb0044000b000400b000b000bb00bb00b000b000bb00bb00b0004000bb004400b0004000bb00442200dd0002000d002200dd0002000d00dd00dd000d000d00dd00dd000d000d002000d0002200dd002000d0002200dd00d000d000dd00dd00d000d000dd00dd00	00bb00bb000b000000bb00bb000b000000bb00440000000000bb00440000000000b0000000bb000000b0000000bb0000000000000000000000000000000000002200dd00020000002200dd0002000000dd00dd0000000000dd00dd00000000002000000022000000200000002200000000000000000000000000000000000000	00bb00bb000b000000bb00bb000b000000bb00440000000000bb00440000000000b0000000bb000000b0000000bb0000000000000000000000000000000000002200dd00020000002200dd0002000000dd00dd0000000000dd00dd00000000002000000022000000200000002200000000000000000000000000000000000000	00bb00bb000b000000bb00bb000b000000bb00440000000000bb00440000000000b0000000bb000000b0000000bb0000000000000000000000000000000000002200dd00020000002200dd0002000000dd00dd0000000000dd00dd00000000002000000022000000200000002200000000000000000000000000000000000000
0292c9	21	8	10	125	dd1122eed21e2de1dd1122eed21e2de1221122112d1e2d1e221122112d1e2d1ed21e2de122eedd11d21e2de122eedd112d1e2d1eddeeddee2d1e2d1eddeeddee77bb77bb78b478b477bb77bb78b478b488bb774487b4784b88bb774487b4784b78b478b48844884478b478b48844884487b4784b774488bb87b4784b774488bb	001122ee021e2ce1001122ee021e2ce1221122112d1e2c1e221122112d1e2c1e021e2ce122eecc11021e2ce122eecc112d1e2c1eddeeccee2d1e2c1eddeeccee773377bb783478b4773377bb783478b488337744873478408833774487347840783478b488448844783478b48844884487347840774488008734784077448800	001122ee021e2ce1001122ee021e2ce1221022112d1e2c1e221122112d1e2c1e021e2ce122eecc11021e2ce122eecc112d1e2c1eddeeccee2d1e2c1eddee4cee773277bb783478b4773377bb783478b488337744873478408833774487347840783478b488448844783478b48844084487347840774488008734784077448800	dd1122eed21e2ce0dd1122eed21e2ce0221022102d1e2c00221122102d1e2c00d21e2ce022eecc00d21e2ce022eecc002d1e2c00ddeecc002d1e2c00ddeecc0074bb74bb40b440b474bb74bb40b440b488bb744484b4404088bb744484b4404040b440b40044004440b440b40044004484b440404444000084b4404044440000	dd1122eed21e2ce0dd1122eed21e2ce0221022102d1e2c00221122102d1e2c00d21e2ce022eecc00d21e2ce022eecc002d1e2c00ddeecc002d1e2c00ddeecc0074bb74bb40b440b474bb74bb40b440b488bb744484b4404088bb744484b4404040b440b40044004440b440b40044004484b440404444000084b4404044440000	001122ee021e2ce0001122ee021e2ce0221022102d1e2c00221122102d1e2c00021e2ce022eecc00021e2ce022eecc002d1e2c00ddeecc002d1e2c00ddeecc00743374bb403440b4743374bb403440b488337444843440408833744484344040403440b400440044403440b40044004484344040444400008434404044440000
032329	21	8	10	126	bb774488b4784b87bb774488b4784b87447744774b784b78447744774b784b78b4784b874488bb77b4784b874488bb774b784b78bb88bb884b784b78bb88bb8811dd11dd1ed21ed211dd11dd1ed21ed2eedd1122e1d21e2deedd1122e1d21e2d1ed21ed2ee22ee221ed21ed2ee22ee22e1d21e2d1122eedde1d21e2d1122eedd	11774488147848871177448814784887447744774b784878447744774b784878147848874488887714784887448888774b784878bb8888884b784878bb888888111111dd1e121ed2111111dd1e121ed2ee111122e1121e28ee111122e1121e281e121ed2ee22ee221e121ed2ee22ee22e1121e281122ee88e1121e281122ee88	11774488147848871177448814784887447744774b784878447744774b784878147848874488887714784887448888774b784878bb8888884b784878bb888888111111dd1e121ed2111111dd1e121ed2ee111122e1121e28ee111122e1121e281e121ed2ee22ee221e121ed2ee22ee22e1121e281122ee88e1121e281122ee88	bb774488b4784880bb774488b4784880447744704b784800447744704b784800b478488044888800b4784880448888004b784800bb8888004b784800bb88880010dd10dd08d208d210dd10dd08d208d2eedd1022e0d20828eedd1022e0d2082808d208d28822882208d208d288228822e0d2082800228888e0d2082800228888	bb774488b4784880bb774488b4784880447744704b784800447744704b784800b478488044888800b4784880448888004b784800bb8888004b784800bb88880010dd10dd08d208d210dd10dd08d208d2eedd1022e0d20828eedd1022e0d2082808d208d28822882208d208d288228822e0d2082800228888e0d2082800228888	11774488147848801177448814784880447744704b784800447744704b784800147848804488880014784880448888004b784800bb8888004b784800bb888800101110dd081208d2101110dd081208d2ee111022e0120828ee111022e0120828081208d288228822081208d288228822e012082800228888e012082800228888
03337d	21	12	10	12f	eedd1122e1d21e2deedd1122e1d21e2d11dd11dd1ed21ed211dd11dd1ed21ed2e1d21e2d1122eedde1d21e2d1122eedd1ed21ed2ee22ee221ed21ed2ee22ee22447744774b784b78447744774b784b78bb774488b4784b87bb774488b4784b874b784b78bb88bb884b784b78bb88bb88b4784b874488bb77b4784b874488bb77	00dd112201d21a2d00dd112201d21a2d11dd11dd1ed21ad211dd11dd1ed21ad201d21a2d1122aadd01d21a2d1122aadd1ed21ad2ee22aa221ed21ad2ee22aa22445544774b584b78445544774b584b78bb554488b4584b80bb554488b4584b804b584b78bb88bb884b584b78bb88bb88b4584b804488bb00b4584b804488bb00	00dd112201d21a2d00dd112201d21a2d11dd11dd1ed21ad211dd11dd1ed21ad201d21a2d1122aadd01d21a2d1122aadd1ed21ad2ee20aa221ed21ad2ee22aa22445544774b584b78445504774b584b78bb554488b4584b80bb554488b4584b804b584b78bb88bb884b584b78bb88bb88b4584b804488bb00b4584b804488bb00	eedd1122e1d21a28eedd1122e1d21a2811dd11d81ed21a8011dd11d81ed21a80e1d21a281122aa88e1d21a281122aa881ed21a80ee20aa001ed21a80ee22aa0040774077007800784077007700780078bb774088b0780080bb774088b078008000780078008800880078007800880088b078008000880000b078008000880000	eedd1122e1d21a28eedd1122e1d21a2811dd11d81ed21a8011dd11d81ed21a80e1d21a281122aa88e1d21a281122aa881ed21a80ee20aa001ed21a80ee22aa0040774077007800784077007700780078bb774088b0780080bb774088b078008000780078008800880078007800880088b078008000880000b078008000880000	00dd112201d21a2800dd112201d21a2811dd11d81ed21a8011dd11d81ed21a8001d21a281122aa8801d21a281122aa881ed21a80ee20aa001ed21a80ee22aa0040554077005800784055007700580078bb554088b0580080bb554088b058008000580078008800880058007800880088b058008000880000b058008000880000
014647	21	8	10	13d	ddeeddeed2e1d2e1ddeeddeed2e1d2e122eedd112de1d21e22eedd112de1d21ed2e1d2e122112211d2e1d2e1221122112de1d21edd1122ee2de1d21edd1122ee774488bb784b87b4774488bb784b87b488448844874b874b88448844874b874b784b87b488bb7744784b87b488bb7744874b874b77bb77bb874b874b77bb77bb	00ee00ee02e102e100ee00ee02e102e122eedd112de1d21e22eedd112de1d21e02e102e12211221102e102e1221122112de1d21edd1122ee2de1d21edd1122ee774488bb784b87b4774488bb784b87b488448844874087408844884487408740784b87b488bb7744784b87b488bb774487408740770077008740874077007700	00ee00ee02e102e100ee00ee02e102e122eedd112de1d21e22eedd112de1d21e02e102e12211221102e102e1221122112de1d21edd1122ee2de1d21edd1122ee774488bb784b87b4774488bb784b87b488448844874087408844884487408740784b87b488bb7744784b87b488bb774487408740770077008740874077007700	ddeeddeed2e1d2e0ddeeddeed2e1d2e022eedd102de0d20022eedd102de0d200d2e1d2e022112200d2e1d2e0221122002de0d200dd0022002de0d200dd002200774480bb704b00b4774480bb704b00b480448044004000408044804400400040704b00b400bb0044704b00b400bb004400400040000000000040004000000000	ddeeddeed2e1d2e0ddeeddeed2e1d2e022eedd102de0d20022eedd102de0d200d2e1d2e022112200d2e1d2e0221122002de0d200dd0022002de0d200dd002200774480bb704b00b4774480bb704b00b480448044004000408044804400400040704b00b400bb0044704b00b400bb004400400040000000000040004000000000	00ee00ee02e102e000ee00ee02e102e022eedd102de0d20022eedd102de0d20002e102e02211220002e102e0221122002de0d200dd0022002de0d200dd002200774480bb704b00b4774480bb704b00b480448044004000408044804400400040704b00b400bb0044704b00b400bb004400400040000000000040004000000000
0267e7	21	12	10	152	b478b478448844884b874b87bb77bb774b78b487bb884477b4874b784477bb88bb77bb77b478b478448844884b874b874477bb884b78b487bb884477b4874b781ed2e12dee2211dde12d1ed211ddee22e1d2e1d2112211221e2d1e2deeddeedd11ddee221ed2e12dee2211dde12d1ed2eeddeedde1d2e1d2112211221e2d1e2d	14781478448844884b874b87bb7788774b78b487bb884477b4874b784477888811771177b478b478448844884b8748874477bb884b78b487bb884477b48748781e12e12dee2211dde12d1ed211ddee22e112e1d2112211221e2d1e2dee88ee881111ee221ed2e12dee2211dde12d1ed2ee11eedde1d2e1d2112211221e281e28	14781478448844884b874b87bb7788774b78b487bb884477b4874b784477888811771177b478b478448844884b8748874477bb884b78b487bb884477b48748781e12e12dee2211dde12d1ed211ddee22e112e1d2112211221e2d1e2dee88ee881111ee221ed2e12dee2211dde12d1ed2ee11eedde1d2e1d2112211221e281e28	b478b478448844884b874b87bb7788004b78b487bb884400b4874b0844008800bb77bb77b478b478448844884b8748804477bb884b78b480bb884400b48048001ed2e12dee2200dde12d0ed200dd8822e1d2e1d2002200220e2d0e2d8888888811ddee221ed2e02dee2200dde02d08d2eeddeedde0d2e0d20022002208280828	b478b478448844884b874b87bb7788004b78b487bb884400b4874b0844008800bb77bb77b478b478448844884b8748804477bb884b78b480bb884400b48048001ed2e12dee2200dde12d0ed200dd8822e1d2e1d2002200220e2d0e2d8888888811ddee221ed2e02dee2200dde02d08d2eeddeedde0d2e0d20022002208280828	14781478448844884b874b87bb7788004b78b487bb884400b4874b084400880011771177b478b478448844884b8748804477bb884b78b480bb884400b48048001e12e12dee2200dde12d0ed200dd8822e112e1d2002200220e2d0e2d888888881111ee221ed2e02dee2200dde02d08d2ee11eedde0d2e0d20022002208280828
009a59	21	8	4	164	0000000000000000000000000000000000000000000000000000000000000000000000000000000000000000000000000000000000000000000000000000000000000000000000000000000000000000000000000000000000000000000000000000000000000000000000000000000000000000000000000000000000000000	0000000000000000000000000000000000000000000000000000000000000000000000000000000000000000000000000000000000000000000000000000000000000000000000000000000000000000000000000000000000000000000000000000000000000000000000000000000000000000000000000000000000000000	0000000000000000000000000000000000000000000000000000000000000000000000000000000000000000000000000000000000000000000000000000000000000000000000000000000000000000000000000000000000000000000000000000000000000000000000000000000000000000000000000000000000000000	0000000000000000000000000000000000000000000000000000000000000000000000000000000000000000000000000000000000000000000000000000000000000000000000000000000000000000000000000000000000000000000000000000000000000000000000000000000000000000000000000000000000000000	0000000000000000000000000000000000000000000000000000000000000000000000000000000000000000000000000000000000000000000000000000000000000000000000000000000000000000000000000000000000000000000000000000000000000000000000000000000000000000000000000000000000000000	0000000000000000000000000000000000000000000000000000000000000000000000000000000000000000000000000000000000000000000000000000000000000000000000000000000000000000000000000000000000000000000000000000000000000000000000000000000000000000000000000000000000000000
0051a7	21	8	9	173	002000200022002200d000d000dd00dd002000d0002200dd00d0002000dd0022002200220002000200dd00dd000d000d002200dd0002000d00dd0022000d00024000b0004400bb00b0004000bb004400b000b000bb00bb0040004000440044004400bb0004000b00bb0044000b000400bb00bb000b000b004400440004000400	002000200022002200d000d000dd00dd002000d0002200dd00d0002000dd0022002200220002000200dd00dd000d000d002200dd0002000d00dd0022000d00024000b0004400bb00b0004000bb004400b000b000bb00bb0040004000440044004400bb0004000b00bb0044000b000400bb00bb000b000b004400440004000400	002000200022002200d000d000dd00dd002000d0002200dd00d0002000dd0022002200220002000200dd00dd000d000d002200dd0002000d00dd0022000d00024000b0004400bb00b0004000bb004400b000b000bb00bb0040004000440044004400bb0004000b00bb0044000b000400bb00bb000b000b004400440004000400	002000200022002200d000d000dd0088002000d00022008800d0002000880000002200220002000200dd00d8000d0008002200d80002000800d80020000800004000b00044008800b000400088000000b000b0008800880040004000000000004400b80004000800b800400008000000b800b800080008004000400000000000	002000200022002200d000d000dd0088002000d00022008800d0002000880000002200220002000200dd00d8000d0008002200d80002000800d80020000800004000b00044008800b000400088000000b000b0008800880040004000000000004400b80004000800b800400008000000b800b800080008004000400000000000	002000200022002200d000d000dd0088002000d00022008800d0002000880000002200220002000200dd00d8000d0008002200d80002000800d80020000800004000b00044008800b000400088000000b000b0008800880040004000000000004400b80004000800b800400008000000b800b800080008004000400000000000
025a29	21	8	9	173	002000200022002200d000d000dd00dd002000d0002200dd00d0002000dd0022002200220002000200dd00dd000d000d002200dd0002000d00dd0022000d00024000b0004400bb00b0004000bb004400b000b000bb00bb0040004000440044004400bb0004000b00bb0044000b000400bb00bb000b000b004400440004000400	002000200022002200d000d000dd00dd002000d0002200dd00d0002000dd0022002200220002000200dd00dd000d000d002200dd0002000d00dd0022000d00024000b0004400bb00b0004000bb004400b000b000bb00bb0040004000440044004400bb0004000b00bb0044000b000400bb00bb000b000b004400440004000400	002000200022002200d000d000dd00dd002000d0002200dd00d0002000dd0022002200220002000200dd00dd000d000d002200dd0002000d00dd0022000d00024000b0004400bb00b0004000bb004400b000b000bb00bb0040004000440044004400bb0004000b00bb0044000b000400bb00bb000b000b004400440004000400	002000200022002200d000d000dd0088002000d00022008800d0002000880000002200220002000200dd00d8000d0008002200d80002000800d80020000800004000b00044008800b000400088000000b000b0008800880040004000000000004400b80004000800b800400008000000b800b800080008004000400000000000	002000200022002200d000d000dd0088002000d00022008800d0002000880000002200220002000200dd00d8000d0008002200d80002000800d80020000800004000b00044008800b000400088000000b000b0008800880040004000000000004400b80004000800b800400008000000b800b800080008004000400000000000	002000200022002200d000d000dd0088002000d00022008800d0002000880000002200220002000200dd00d8000d0008002200d80002000800d80020000800004000b00044008800b000400088000000b000b0008800880040004000000000004400b80004000800b800400008000000b800b800080008004000400000000000
006999	21	8	10	183	e12d1ed211ddee22e12d1ed211ddee22e1d2e1d211221122e1d2e1d211221122ee2211dde12d1ed2ee2211dde12d1ed2eeddeedde1d2e1d2eeddeedde1d2e1d24b874b87bb77bb774b874b87bb77bb774b78b487bb8844774b78b487bb884477448844884b874b87448844884b874b874477bb884b78b4874477bb884b78b487	012d1ed211ddee22012d1ed211ddee2201d201d21122002201d201d211220022002211dde12d1ed2002211dde12d1ed200dd00dde1d2e0d200dd00dde1d2e0d24b074b87bb00bb004b074b87bb00bb004b78b487bb8844004b78b487bb884400440044884b804b80440044884b804b804477bb884b78b4804477bb884b78b480	012d1ed211ddce22012d1ed211ddee2201d201d21122002201d201d211220022002211dde12d1ed2002211dde12d1ed200dd00dde1d2e0d200dd00dde1d2e0d24b074b87bb00bb004b074b87bb00bb004b78b487bb8844004b78b487bb884400440044884b804b80440044884b804b804477bb884b78b4804473bb884b78b480	e12d1e821188ce00e12d1e821188ee00e1d2e18211220000e1d2e18211220000ee221188e1281e80ee221188e1281e80eeddee88e1d2e080eeddee88e1d2e0804b874b87880088004b874b87880088004b788487888800004b788487888800004488448848804880448844884880488044778888487880804473888848788080	e12d1e821188ce00e12d1e821188ee00e1d2e18211220000e1d2e18211220000ee221188e1281e80ee221188e1281e80eeddee88e1d2e080eeddee88e1d2e0804b874b87880088004b874b87880088004b788487888800004b788487888800004488448848804880448844884880488044778888487880804473888848788080	012d1e821188ce00012d1e821188ee0001d201821122000001d201821122000000221188e1281e8000221188e1281e8000dd0088e1d2e08000dd0088e1d2e0804b074b87880088004b074b87880088004b788487888800004b788487888800004400448848804880440044884880488044778888487880804473888848788080
00c7df	21	12	10	183	e12d1ed211ddee22e12d1ed211ddee22e1d2e1d211221122e1d2e1d211221122ee2211dde12d1ed2ee2211dde12d1ed2eeddeedde1d2e1d2eeddeedde1d2e1d24b874b87bb77bb774b874b87bb77bb774b78b487bb8844774b78b487bb884477448844884b874b87448844884b874b874477bb884b78b4874477bb884b78b487	012d1ed211ddee22012d1ed211ddee2201d201d21122002201d201d211220022002211dde12d1ed2002211dde12d1ed200dd00dde1d2e0d200dd00dde1d2e0d24b074b87bb00bb004b074b87bb00bb004b78b487bb8844004b78b487bb884400440044884b804b80440044884b804b804477bb884b78b4804477bb884b78b480	012d1ed211ddce22012d1ed211ddee2201d201d21122002201d201d211220022002211dde12d1ed2002211dde12d1ed200dd00dde1d2e0d200dd00dde1d2e0d24b074b87bb00bb004b074b87bb00bb004b78b487bb8844004b78b487bb884400440044884b804b80440044884b804b804477bb884b78b4804473bb884b78b480	e12d1e821188ce00e12d1e821188ee00e1d2e18211220000e1d2e18211220000ee221188e1281e80ee221188e1281e80eeddee88e1d2e080eeddee88e1d2e0804b874b87880088004b874b87880088004b788487888800004b788487888800004488448848804880448844884880488044778888487880804473888848788080	e12d1e821188ce00e12d1e821188ee00e1d2e18211220000e1d2e18211220000ee221188e1281e80ee221188e1281e80eeddee88e1d2e080eeddee88e1d2e0804b874b87880088004b874b87880088004b788487888800004b788487888800004488448848804880448844884880488044778888487880804473888848788080	012d1e821188ce00012d1e821188ee0001d201821122000001d201821122000000221188e1281e8000221188e1281e8000dd0088e1d2e08000dd0088e1d2e0804b074b87880088004b074b87880088004b788487888800004b788487888800004400448848804880440044884880488044778888487880804473888848788080
039bcb	21	12	10	183	e12d1ed211ddee22e12d1ed211ddee22e1d2e1d211221122e1d2e1d211221122ee2211dde12d1ed2ee2211dde12d1ed2eeddeedde1d2e1d2eeddeedde1d2e1d24b874b87bb77bb774b874b87bb77bb774b78b487bb8844774b78b487bb884477448844884b874b87448844884b874b874477bb884b78b4874477bb884b78b487	012d1ed211ddee22012d1ed211ddee2201d201d21122002201d201d211220022002211dde12d1ed2002211dde12d1ed200dd00dde1d2e0d200dd00dde1d2e0d24b074b87bb00bb004b074b87bb00bb004b78b487bb8844004b78b487bb884400440044884b804b80440044884b804b804477bb884b78b4804477bb884b78b480	012d1ed211ddce22012d1ed211ddee2201d201d21122002201d201d211220022002211dde12d1ed2002211dde12d1ed200dd00dde1d2e0d200dd00dde1d2e0d24b074b87bb00bb004b074b87bb00bb004b78b487bb8844004b78b487bb884400440044884b804b80440044884b804b804477bb884b78b4804473bb884b78b480	e12d1e821188ce00e12d1e821188ee00e1d2e18211220000e1d2e18211220000ee221188e1281e80ee221188e1281e80eeddee88e1d2e080eeddee88e1d2e0804b874b87880088004b874b87880088004b788487888800004b788487888800004488448848804880448844884880488044778888487880804473888848788080	e12d1e821188ce00e12d1e821188ee00e1d2e18211220000e1d2e18211220000ee221188e1281e80ee221188e1281e80eeddee88e1d2e080eeddee88e1d2e0804b874b87880088004b874b87880088004b788487888800004b788487888800004488448848804880448844884880488044778888487880804473888848788080	012d1e821188ce00012d1e821188ee0001d201821122000001d201821122000000221188e1281e8000221188e1281e8000dd0088e1d2e08000dd0088e1d2e0804b074b87880088004b074b87880088004b788487888800004b788487888800004400448848804880440044884880488044778888487880804473888848788080
0753ad	21	12	10	183	e12d1ed211ddee22e12d1ed211ddee22e1d2e1d211221122e1d2e1d211221122ee2211dde12d1ed2ee2211dde12d1ed2eeddeedde1d2e1d2eeddeedde1d2e1d24b874b87bb77bb774b874b87bb77bb774b78b487bb8844774b78b487bb884477448844884b874b87448844884b874b874477bb884b78b4874477bb884b78b487	012d1ed211ddee22012d1ed211ddee2201d201d21122002201d201d211220022002211dde12d1ed2002211dde12d1ed200dd00dde1d2e0d200dd00dde1d2e0d24b074b87bb00bb004b074b87bb00bb004b78b487bb8844004b78b487bb884400440044884b804b80440044884b804b804477bb884b78b4804477bb884b78b480	012d1ed211ddce22012d1ed211ddee2201d201d21122002201d201d211220022002211dde12d1ed2002211dde12d1ed200dd00dde1d2e0d200dd00dde1d2e0d24b074b87bb00bb004b074b87bb00bb004b78b487bb8844004b78b487bb884400440044884b804b80440044884b804b804477bb884b78b4804473bb884b78b480	e12d1e821188ce00e12d1e821188ee00e1d2e18211220000e1d2e18211220000ee221188e1281e80ee221188e1281e80eeddee88e1d2e080eeddee88e1d2e0804b874b87880088004b874b87880088004b788487888800004b788487888800004488448848804880448844884880488044778888487880804473888848788080	e12d1e821188ce00e12d1e821188ee00e1d2e18211220000e1d2e18211220000ee221188e1281e80ee221188e1281e80eeddee88e1d2e080eeddee88e1d2e0804b874b87880088004b874b87880088004b788487888800004b788487888800004488448848804880448844884880488044778888487880804473888848788080	012d1e821188ce00012d1e821188ee0001d201821122000001d201821122000000221188e1281e8000221188e1281e8000dd0088e1d2e08000dd0088e1d2e0804b074b87880088004b074b87880088004b788487888800004b788487888800004400448848804880440044884880488044778888487880804473888848788080
0063c9	21	8	9	194	0044004400040004004400440004000400bb0044000b000400bb0044000b00040040004000440044004000400044004400b0004000bb004400b0004000bb00442200dd0002000d002200dd0002000d00220022000200020022002200020002002000d0002200dd002000d0002200dd0020002000220022002000200022002200	0044004400040004004400440004000400bb0044000b000400bb0044000b00040040004000440044004000400044004400b0004000bb004400b0004000bb00442200dd0002000d002200dd0002000d00220022000200020022002200020002002000d0002200dd002000d0002200dd0020002000220022002000200022002200	0044004400040004004400440004000400bb0044000b000400bb0044000b00040040004000440044004000400044004400b0004000bb004400b0004000bb00442200dd0002000d002200dd0002000d00220022000200020022002200020002002000d0002200dd002000d0002200dd0020002000220022002000200022002200	0044004400040000004400440004000000bb00440000000000bb00440000000000400000004400000040000000440000000000000000000000000000000000002200dd0002000c002200dd0002000c00220022000000000022002200000000002000c0002200cc002000c0002200cc0000000000000000000000000000000000	0044004400040000004400440004000000bb00440000000000bb00440000000000400000004400000040000000440000000000000000000000000000000000002200dd0002000c002200dd0002000c00220022000000000022002200000000002000c0002200cc002000c0002200cc0000000000000000000000000000000000	0044004400040000004400440004000000bb00440000000000bb00440000000000400000004400000040000000440000000000000000000000000000000000002200dd0002000c002200dd0002000c00220022000000000022002200000000002000c0002200cc002000c0002200cc0000000000000000000000000000000000
02ccdf	21	12	9	197	0022002200020002002200220002000200dd0022000d000200dd0022000d00020020002000220022002000200022002200d0002000dd002200d0002000dd00224400bb0004000b004400bb0004000b00440044000400040044004400040004004000b0004400bb004000b0004400bb0040004000440044004000400044004400	0022002200020002002200220002000200dd0022000d000200dd0022000d00020020002000220022002000200022002200d0002000dd002200d0002000dd00224400bb0004000b004400bb0004000b00440044000400040044004400040004004000b0004400bb004000b0004400bb0040004000440044004000400044004400	0022002200020002002200220002000200dd0022000d000200dd0022000d00020020002000220022002000200022002200d0002000dd002200d0002000dd00224400bb0004000b004400bb0004000b00440044000400040044004400040004004000b0004400bb004000b0004400bb0040004000440044004000400044004400	0022002200020000002200220002000000dd00220008000000dd00220008000000200000002200000020000000220000008000000088000000800000008800004400bb00040008004400bb0004000800440044000000000044004400000000004000800044008800400080004400880000000000000000000000000000000000	0022002200020000002200220002000000dd00220008000000dd00220008000000200000002200000020000000220000008000000088000000800000008800004400bb00040008004400bb0004000800440044000000000044004400000000004000800044008800400080004400880000000000000000000000000000000000	0022002200020000002200220002000000dd00220008000000dd00220008000000200000002200000020000000220000008000000088000000800000008800004400bb00040008004400bb0004000800440044000000000044004400000000004000800044008800400080004400880000000000000000000000000000000000
027de9	21	12	10	19b	e1d2e1d211221122e1d2e1d211221122e12d1ed211ddee22e12d1ed211ddee22eeddeedde1d2e1d2eeddeedde1d2e1d2ee2211dde12d1ed2ee2211dde12d1ed24b78b487bb8844774b78b487bb8844774b874b87bb77bb774b874b87bb77bb774477bb884b78b4874477bb884b78b487448844884b874b87448844884b874b87	01d201d21122112201d201d211221122012d1ed211ddaa22012d1ed211ddaa2200dd00dde1d2e1d200dd00dde1d2e1d2002211dde12d1ad2002211dde12d1ad24b58b487bb8844004b58b487bb8844004b874b87bb00bb004b874b87bb00bb004455bb884b78b4804455bb884b78b480448844884b804b80448844884b804b80	01d201d21122112201d201d211221122012d1ed211ddaa22012d1ed211ddaa2200dd00dde1d2e1d200dd00dde1d2e1d2002211dde12d1ad2002211dde12d1ad24b58b487bb8844004b58b487bb8844004b874b87bb00bb004b874b87bb00bb004455bb884b78b4804455bb884b78b480448844884b804b80448844884b804b80	e1d2e18211221100e1d2e18211221100e12d1e821188aa00e12d1e821188aa00eeddee88e1d2e180eeddee88e1d2e180ee221188e1281a80ee221188e1281a804b78b487bb8800004b78b487bb8800000b870b87000000000b870b87000000004477bb884b78b0804477bb884b78b08000880088008000800088008800800080	e1d2e18211221100e1d2e18211221100e12d1e821188aa00e12d1e821188aa00eeddee88e1d2e180eeddee88e1d2e180ee221188e1281a80ee221188e1281a804b78b487bb8800004b78b487bb8800000b870b87000000000b870b87000000004477bb884b78b0804477bb884b78b08000880088008000800088008800800080	01d201821122110001d2018211221100012d1e821188aa00012d1e821188aa0000dd0088e1d2e18000dd0088e1d2e18000221188e1281a8000221188e1281a804b58b487bb8800004b58b487bb8800000b870b87000000000b870b87000000004455bb884b78b0804455bb884b78b08000880088008000800088008800800080
0111cd	21	8	9	1a1	001000e0001100ee001000e0001100ee00e000e000ee00ee00e000e000ee00ee001100ee0001000e001100ee0001000e00ee00ee000e000e00ee00ee000e000e70007000770077007000700077007700700080007700880070008000770088007700770007000700770077000700070077008800070008007700880007000800	001000e0001100ee001000e0001100ee00e000e000ee00ee00e000e000ee00ee001100ee0001000e001100ee0001000e00ee00ee000e000e00ee00ee000e000e70007000770077007000700077007700700080007700880070008000770088007700770007000700770077000700070077008800070008007700880007000800	001000e0001100ee001000e0001100ee00e000e000ee00ee00e000e000ee00ee001100ee0001000e001100ee0001000e00ee00ee000e000e00ee00ee000e000e70007000770077007000700077007700700080007700880070008000770088007700770007000700770077000700070077008800070008007700880007000800	001000e000000000001000e00000000000e000e000ee000000e000e000ee0000001000e000000000001000e00000000000ee00e0000e000000ee00e0000e000070007000440044007000700044004400700080004400000070008000440000007400740004000400740074000400040074008000040000007400800004000000	001000e000000000001000e00000000000e000e000ee000000e000e000ee0000001000e000000000001000e00000000000ee00e0000e000000ee00e0000e000070007000440044007000700044004400700080004400000070008000440000007400740004000400740074000400040074008000040000007400800004000000	001000e000000000001000e00000000000e000e000ee000000e000e000ee0000001000e000000000001000e00000000000ee00e0000e000000ee00e0000e000070007000440044007000700044004400700080004400000070008000440000007400740004000400740074000400040074008000040000007400800004000000
000d5d	21	8	10	1a7	ee2211dde12d1ed2ee2211dde12d1ed2eeddeedde1d2e1d2eeddeedde1d2e1d2e12d1ed211ddee22e12d1ed211ddee22e1d2e1d211221122e1d2e1d211221122448844884b874b87448844884b874b874477bb884b78b4874477bb884b78b4874b874b87bb77bb774b874b87bb77bb774b78b487bb8844774b78b487bb884477	002211dd012d1ed2002211dd012d1ed200dd00dd01d200d200dd00dd01d200d2012d1ed211ddee22012d1ed211ddee2201d200d21122002201d200d211220022440044884b004b80440044884b004b804477bb884b78b4804477bb884b78b4804b004b80bb00bb004b004b80bb00bb004b78b480bb8844004b78b480bb884400	002211dd012d1ed2002211dd012d1ed200dd00dd01d200d200dd00dd01d200d2012d1ed211ddee22012d1ed211ddee2201d200d21122002201d200d211220022440044884b004b80440044884b004b804477bb884b78b4804477bb884b78b4804b004b80bb00bb004b004b80bb00bb004b78b480bb8844004b78b480bb884400	ee2211d8e1281e80ee2211d8e1281e80eeddeed8e1d2e080eeddeed8e1d2e080e1281e801188ee00e1281e801188ee00e1d2e08011220000e1d2e08011220000448844884880488044884488488048804477b888487880804477b888487880804880488088008800488048808800880048788080888800004878808088880000	ee2211d8e1281e80ee2211d8e1281e80eeddeed8e1d2e080eeddeed8e1d2e080e1281e801188ee00e1281e801188ee00e1d2e08011220000e1d2e08011220000448844884880488044884488488048804477b888487880804477b888487880804880488088008800488048808800880048788080888800004878808088880000	002211d801281e80002211d801281e8000dd00d801d2008000dd00d801d2008001281e801188ee0001281e801188ee0001d200801122000001d2008011220000440044884800488044004488480048804477b888487880804477b888487880804800488088008800480048808800880048788080888800004878808088880000
052fd5	21	12	10	1a7	ee2211dde12d1ed2ee2211dde12d1ed2eeddeedde1d2e1d2eeddeedde1d2e1d2e12d1ed211ddee22e12d1ed211ddee22e1d2e1d211221122e1d2e1d211221122448844884b874b87448844884b874b874477bb884b78b4874477bb884b78b4874b874b87bb77bb774b874b87bb77bb774b78b487bb8844774b78b487bb884477	002211dd012d1ed2002211dd012d1ed200dd00dd01d200d200dd00dd01d200d2012d1ed211ddee22012d1ed211ddee2201d200d21122002201d200d211220022440044884b004b80440044884b004b804477bb884b78b4804477bb884b78b4804b004b80bb00bb004b004b80bb00bb004b78b480bb8844004b78b480bb884400	002211dd012d1ed2002211dd012d1ed200dd00dd01d200d200dd00dd01d200d2012d1ed211ddee22012d1ed211ddee2201d200d21122002201d200d211220022440044884b004b80440044884b004b804477bb884b78b4804477bb884b78b4804b004b80bb00bb004b004b80bb00bb004b78b480bb8844004b78b480bb884400	ee2211d8e1281e80ee2211d8e1281e80eeddeed8e1d2e080eeddeed8e1d2e080e1281e801188ee00e1281e801188ee00e1d2e08011220000e1d2e08011220000448844884880488044884488488048804477b888487880804477b888487880804880488088008800488048808800880048788080888800004878808088880000	ee2211d8e1281e80ee2211d8e1281e80eeddeed8e1d2e080eeddeed8e1d2e080e1281e801188ee00e1281e801188ee00e1d2e08011220000e1d2e08011220000448844884880488044884488488048804477b888487880804477b888487880804880488088008800488048808800880048788080888800004878808088880000	002211d801281e80002211d801281e8000dd00d801d2008000dd00d801d2008001281e801188ee0001281e801188ee0001d200801122000001d2008011220000440044884800488044004488480048804477b888487880804477b888487880804800488088008800480048808800880048788080888800004878808088880000
01d7cb	21	12	9	1ab	00d0002000dd002200d0002000dd00220020002000220022002000200022002200dd0022000d000200dd0022000d000200220022000200020022002200020002400040004400440040004000440044004000b0004400bb004000b0004400bb00440044000400040044004400040004004400bb0004000b004400bb0004000b00	00d0002000dd002200d0002000dd00220020002000220022002000200022002200dd0022000d000200dd0022000d000200220022000200020022002200020002400040004400440040004000440044004000b0004400bb004000b0004400bb00440044000400040044004400040004004400bb0004000b004400bb0004000b00	00d0002000dd002200d0002000dd00220020002000220022002000200022002200dd0022000d000200dd0022000d000200220022000200020022002200020002400040004400440040004000440044004000b0004400bb004000b0004400bb00440044000400040044004400040004004400bb0004000b004400bb0004000b00	00d000200088000000d00020008800000020002000220000002000200022000000d800200008000000d800200008000000220020000200000022002000020000400040000000000040004000000000004000b000000000004000b00000000000400040000000000040004000000000004000b000000000004000b00000000000	00d000200088000000d00020008800000020002000220000002000200022000000d800200008000000d800200008000000220020000200000022002000020000400040000000000040004000000000004000b000000000004000b00000000000400040000000000040004000000000004000b000000000004000b00000000000	00d000200088000000d00020008800000020002000220000002000200022000000d800200008000000d800200008000000220020000200000022002000020000400040000000000040004000000000004000b000000000004000b00000000000400040000000000040004000000000004000b000000000004000b00000000000
0366d7	21	12	10	1ae	bb884477b4874b78bb884477b4874b78bb77bb77b478b478bb77bb77b478b478b4874b784477bb88b4874b784477bb88b478b47844884488b478b47844884488112211221e2d1e2d112211221e2d1e2d11ddee221ed2e12d11ddee221ed2e12d1e2d1e2deeddeedd1e2d1e2deeddeedd1ed2e12dee2211dd1ed2e12dee2211dd	1188447714874b781188447714874b781177117714781078117711771478107814874b784477bb8814874b784477bb8814781078448800881478107844880088110011221e081e28110011221e081e2811ddee221ed2e12811ddee221ed2e1281e081e28ee88ee881e081e28ee88ee881ed2e128ee2211881ed2e128ee221188	1188447714874b781188447714874b781177117714781078117711771478107814874b784477bb8814870b784477bb8814781078448800881478107844880088110011221e081e28110011221e081e2811ddee221ed0e12811ddee221ed2e1281e081e28ee88ee881e081e28ee88ee881ed2e128ee2211881ed2e128ee221188	bb884470b4804b00bb884470b4804b00bb77bb70b478b000bb77bb70b478b000b4804b004400bb00b4800b004400bb00b478b00044880000b478b00044880000112211221a081a28112211221a281a2811ddea221ad0a02811ddea221ad2a0281a281a28aa88aa881a281a28aa88aa881ad2a028aa2200881ad2a028aa220088	bb884470b4804b00bb884470b4804b00bb77bb70b478b000bb77bb70b478b000b4804b004400bb00b4800b004400bb00b478b00044880000b478b00044880000112211221a081a28112211221a281a2811ddea221ad0a02811ddea221ad2a0281a281a28aa88aa881a281a28aa88aa881ad2a028aa2200881ad2a028aa220088	1188447014804b001188447014804b001177117014781000117711701478100014804b004400bb0014800b004400bb0014781000448800001478100044880000110011221a081a28110011221a081a2811ddea221ad0a02811ddea221ad2a0281a081a28aa88aa881a081a28aa88aa881ad2a028aa2200881ad2a028aa220088
069d37	21	12	10	1ae	bb884477b4874b78bb884477b4874b78bb77bb77b478b478bb77bb77b478b478b4874b784477bb88b4874b784477bb88b478b47844884488b478b47844884488112211221e2d1e2d112211221e2d1e2d11ddee221ed2e12d11ddee221ed2e12d1e2d1e2deeddeedd1e2d1e2deeddeedd1ed2e12dee2211dd1ed2e12dee2211dd	1188447714874b781188447714874b781177117714781078117711771478107814874b784477bb8814874b784477bb8814781078448800881478107844880088110011221e081e28110011221e081e2811ddee221ed2e12811ddee221ed2e1281e081e28ee88ee881e081e28ee88ee881ed2e128ee2211881ed2e128ee221188	1188447714874b781188447714874b781177117714781078117711771478107814874b784477bb8814870b784477bb8814781078448800881478107844880088110011221e081e28110011221e081e2811ddee221ed0e12811ddee221ed2e1281e081e28ee88ee881e081e28ee88ee881ed2e128ee2211881ed2e128ee221188	bb884470b4804b00bb884470b4804b00bb77bb70b478b000bb77bb70b478b000b4804b004400bb00b4800b004400bb00b478b00044880000b478b00044880000112211221a081a28112211221a281a2811ddea221ad0a02811ddea221ad2a0281a281a28aa88aa881a281a28aa88aa881ad2a028aa2200881ad2a028aa220088	bb884470b4804b00bb884470b4804b00bb77bb70b478b000bb77bb70b478b000b4804b004400bb00b4800b004400bb00b478b00044880000b478b00044880000112211221a081a28112211221a281a2811ddea221ad0a02811ddea221ad2a0281a281a28aa88aa881a281a28aa88aa881ad2a028aa2200881ad2a028aa220088	1188447014804b001188447014804b001177117014781000117711701478100014804b004400bb0014800b004400bb0014781000448800001478100044880000110011221a081a28110011221a081a2811ddea221ad0a02811ddea221ad2a0281a081a28aa88aa881a081a28aa88aa881ad2a028aa2200881ad2a028aa220088
01eae7	21	12	9	1b3	0020002000220022002000200022002200d0002000dd002200d0002000dd00220022002200020002002200220002000200dd0022000d000200dd0022000d00024000b0004400bb004000b0004400bb00400040004400440040004000440044004400bb0004000b004400bb0004000b0044004400040004004400440004000400	0020002000220022002000200022002200d0002000dd002200d0002000dd00220022002200020002002200220002000200dd0022000d000200dd0022000d00024000b0004400bb004000b0004400bb00400040004400440040004000440044004400bb0004000b004400bb0004000b0044004400040004004400440004000400	0020002000220022002000200022002200d0002000dd002200d0002000dd00220022002200020002002200220002000200dd0022000d000200dd0022000d00024000b0004400bb004000b0004400bb00400040004400440040004000440044004400bb0004000b004400bb0004000b0044004400040004004400440004000400	0020002000220000002000200022000000d000200088000000d00020008800000022002000020000002200200002000000d800200008000000d80020000800004000b000440088004000b00044008800400040000000000040004000000000004400b800040008004400b8000400080040004000000000004000400000000000	0020002000220000002000200022000000d000200088000000d00020008800000022002000020000002200200002000000d800200008000000d80020000800004000b000440088004000b00044008800400040000000000040004000000000004400b800040008004400b8000400080040004000000000004000400000000000	0020002000220000002000200022000000d000200088000000d00020008800000022002000020000002200200002000000d800200008000000d80020000800004000b000440088004000b00044008800400040000000000040004000000000004400b800040008004400b8000400080040004000000000004000400000000000
00199d	21	8	10	1bc	88bb88bb87b487b488bb88bb87b487b4884477bb874b78b4884477bb874b78b487b487b47744774487b487b477447744874b78b477bb8844874b78b477bb88442211ddee2d1ed2e12211ddee2d1ed2e122ee22ee2de12de122ee22ee2de12de12d1ed2e1ddee22112d1ed2e1ddee22112de12de1dd11dd112de12de1dd11dd11	00bb00bb07b407b400bb00bb07b407b4004477bb074b70b4004477bb074b70b407b407b47744774407b407b477447744074b70b477bb0044074b70b477bb00442200ddee2d0ed2e02200ddee2d0ed2e022ee22ee2de02de022ee22ee2de02de02d0ed2e0ddee22002d0ed2e0ddee22002de02de0dd00dd002de02de0dd00dd00	00bb00bb07b407b400bb00bb07b407b4004477bb074b70b4004477bb074b70b407b407b47744774407b407b477447744074b70b477bb0044074b70b477bb00442200ddee2d0ed2e02200ddee2d0ed2e022ee22ee2de02de022ee22ee2de02de02d0ed2e0ddee22002d0ed2e0ddee22002de02de0dd00dd002de02de0dd00dd00	88bb88b087b4870088bb88b087b48700884477b087407000884477b08740700087b487007744770087b4870077447700874070007700000087407000770000002211ddee2d1ed2e02211ddee2d1ed2e022ee22ee20e020e022ee22ee20e020e02d1ed2e0ddee22002d1ed2e0ddee220020e020e00000000020e020e000000000	88bb88b087b4870088bb88b087b48700884477b087407000884477b08740700087b487007744770087b4870077447700874070007700000087407000770000002211ddee2d1ed2e02211ddee2d1ed2e022ee22ee20e020e022ee22ee20e020e02d1ed2e0ddee22002d1ed2e0ddee220020e020e00000000020e020e000000000	00bb00b007b4070000bb00b007b40700004477b007407000004477b00740700007b407007744770007b4070077447700074070007700000007407000770000002200ddee2d0ed2e02200ddee2d0ed2e022ee22ee20e020e022ee22ee20e020e02d0ed2e0ddee22002d0ed2e0ddee220020e020e00000000020e020e000000000
02afe5	21	12	10	1c2	b4784b874488bb774b87b478bb774488b487b487447744774b784b78bb88bb88bb774488b4784b874488bb774b87b478bb88bb88b487b487447744774b784b781ed21ed2ee22ee22e12de12d11dd11dd1e2de1d2eedd1122e1d21e2d1122eedd11dd11dd1ed21ed2ee22ee22e12de12d1122eedd1e2de1d2eedd1122e1d21e2d	14784b874488bb774b87b478bb77448814871487447744774b784b78bb88888811774488b4784b874488bb774b87b47811881188b487b487447744774b7848781e121ed2ee22ee22e12de12d118811881e2de1d2eedd1122e1d21e2d1122ee88111111dd1ed21ed2ee22ee22e128e1281122eedd1e2de1d2eedd1122e1d21e28	14784b874488bb774b87b478bb77448814871487447744774b784b78bb88888811774488b4784b874488bb774b87b47811881188b487b487447744774b7848781e121ed2ee22ee22e12de12d118811881e2de1d2eedd1122e1d21e2d1122ee88111111dd1ed21ed2ee22ee22e128e1281122eedd1e2de1d2eedd1122e1d21e28	b4784b874488bb004b87b408bb004400b487b487447744004b784b08bb888800bb774488b4784b804488bb004b80b400bb88bb88b487b480447744004b7848001ed21ed2ee22ee22e12de12d008800881e2de1d2eedd0022e1d20e2d0022888811dd11dd1ed21ed2ee22ee22e028e0281122eedd1e2de0d2eedd0022e0d20828	b4784b874488bb004b87b408bb004400b487b487447744004b784b08bb888800bb774488b4784b804488bb004b80b400bb88bb88b487b480447744004b7848001ed21ed2ee22ee22e12de12d008800881e2de1d2eedd0022e1d20e2d0022888811dd11dd1ed21ed2ee22ee22e028e0281122eedd1e2de0d2eedd0022e0d20828	14784b874488bb004b87b408bb00440014871487447744004b784b08bb88880011774488b4784b804488bb004b80b40011881188b487b480447744004b7848001e121ed2ee22ee22e12de12d008800881e2de1d2eedd0022e1d20e2d00228888111111dd1ed21ed2ee22ee22e028e0281122eedd1e2de0d2eedd0022e0d20828
012617	21	8	10	1e5	dd1122eed21e2de122eedd112de1d21eddeeddeed2e1d2e1221122112d1e2d1ed21e2de122eedd112de1d21edd1122eed2e1d2e1221122112d1e2d1eddeeddee77bb77bb78b478b488448844874b874b774488bb784b87b488bb774487b4784b78b478b488448844874b874b77bb77bb784b87b488bb774487b4784b774488bb	001122ee021e2de122eedd112de1d21e00ee00ee02e102e1221122112d1e2c1e021e2de122eedd112de1d21edd1122ee02e102e1221122112d1e2c1eddeeccee773377bb783478b48844884487408740774488bb784b87b488bb774487b47840783478b4884488448740874077007700784b87b488bb774487b4784077448800	001122ee021e2de122eedd112de1d21e00ee00ee02e102e1221122112d1e2c1e021e2de122eedd112de1d21edd1122ee02e102e1221122112d1e2c1eddeeccee773377bb783478b48844884487408740774488bb784b87b488bb774487b47840783478b4884488448740874077007700784b87b488bb774487b4784077448800	dd1122eed21e2de022eedd102de0d200ddeeddeed2e1d2e0221122102d1e2c00d21e2de022eedd002de0d200dd002200d2e1d2e0221122002d1e2c00ddeecc0077bb77bb78b478b48844884484408440774488bb784b84b488bb744484b4404078b478b4884488448440844044004400784b84b488bb444484b4404044440000	dd1122eed21e2de022eedd102de0d200ddeeddeed2e1d2e0221122102d1e2c00d21e2de022eedd002de0d200dd002200d2e1d2e0221122002d1e2c00ddeecc0077bb77bb78b478b48844884484408440774488bb784b84b488bb744484b4404078b478b4884488448440844044004400784b84b488bb444484b4404044440000	001122ee021e2de022eedd102de0d20000ee00ee02e102e0221122102d1e2c00021e2de022eedd002de0d200dd00220002e102e0221122002d1e2c00ddeecc00773377bb783478b48844884484408440774488bb784b84b488bb744484b44040783478b4884488448440844044004400784b84b488bb444484b4404044440000
01886d	21	8	10	1e5	dd1122eed21e2de122eedd112de1d21eddeeddeed2e1d2e1221122112d1e2d1ed21e2de122eedd112de1d21edd1122eed2e1d2e1221122112d1e2d1eddeeddee77bb77bb78b478b488448844874b874b774488bb784b87b488bb774487b4784b78b478b488448844874b874b77bb77bb784b87b488bb774487b4784b774488bb	001122ee021e2de122eedd112de1d21e00ee00ee02e102e1221122112d1e2c1e021e2de122eedd112de1d21edd1122ee02e102e1221122112d1e2c1eddeeccee773377bb783478b48844884487408740774488bb784b87b488bb774487b47840783478b4884488448740874077007700784b87b488bb774487b4784077448800	001122ee021e2de122eedd112de1d21e00ee00ee02e102e1221122112d1e2c1e021e2de122eedd112de1d21edd1122ee02e102e1221122112d1e2c1eddeeccee773377bb783478b48844884487408740774488bb784b87b488bb774487b47840783478b4884488448740874077007700784b87b488bb774487b4784077448800	dd1122eed21e2de022eedd102de0d200ddeeddeed2e1d2e0221122102d1e2c00d21e2de022eedd002de0d200dd002200d2e1d2e0221122002d1e2c00ddeecc0077bb77bb78b478b48844884484408440774488bb784b84b488bb744484b4404078b478b4884488448440844044004400784b84b488bb444484b4404044440000	dd1122eed21e2de022eedd102de0d200ddeeddeed2e1d2e0221122102d1e2c00d21e2de022eedd002de0d200dd002200d2e1d2e0221122002d1e2c00ddeecc0077bb77bb78b478b48844884484408440774488bb784b84b488bb744484b4404078b478b4884488448440844044004400784b84b488bb444484b4404044440000	001122ee021e2de022eedd102de0d20000ee00ee02e102e0221122102d1e2c00021e2de022eedd002de0d200dd00220002e102e0221122002d1e2c00ddeecc00773377bb783478b48844884484408440774488bb784b84b488bb744484b44040783478b4884488448440844044004400784b84b488bb444484b4404044440000
00ecdf	21	12	10	1ec	88bb774487b4784b774488bb784b87b488448844874b874b77bb77bb78b478b487b4784b774488bb784b87b488bb7744874b874b77bb77bb78b478b488448844221122112d1e2d1eddeeddeed2e1d2e122eedd112de1d21edd1122eed21e2de12d1e2d1eddeeddeed2e1d2e1221122112de1d21edd1122eed21e2de122eedd11	00bb774407b4784b774488bb784b87b400440044074b074b77bb77bb78b470b407b4784b774488bb784b87b488bb7744074b074b77bb77bb78b470b488440044220022112d0e2d1eddeeddeed2e0d2e022eedd112de1d21edd1122eed21e2de02d0e2d1eddeeddeed2e0d2e0220022002de1d21edd1122eed21e2de022eedd00	00bb774407b4784b774488bb784b87b400440044074b074b77bb77bb78b470b407b4784b774488bb784b87b488bb7744074b074b77bb77bb78b470b488440044220022112d0e2d1eddeeddeed2e0d2e022eedd112de1d21edd1122eed21e2de02d0e2d1eddeeddeed2e0d2e0220022002de1d21edd1122eed21e2de022eedd00	88bb774487b47840774488b07840870088448844874b874077bb77b078b4700087b47840774488007840870088007700874b874077bb770078b4700088440000221122112d1e2d1eddeeddeed2e0d2e022eedd112de1d21edd1122eed21e20e02d1e2d1eddeeddeed2e0d2e0220022002de1d21edd1122eed21e20e022ee0000	88bb774487b47840774488b07840870088448844874b874077bb77b078b4700087b47840774488007840870088007700874b874077bb770078b4700088440000221122112d1e2d1eddeeddeed2e0d2e022eedd112de1d21edd1122eed21e20e02d1e2d1eddeeddeed2e0d2e0220022002de1d21edd1122eed21e20e022ee0000	00bb774407b47840774488b07840870000440044074b074077bb77b078b4700007b47840774488007840870088007700074b074077bb770078b4700088440000220022112d0e2d1eddeeddeed2e0d2e022eedd112de1d21edd1122eed21e20e02d0e2d1eddeeddeed2e0d2e0220022002de1d21edd1122eed21e20e022ee0000
023fe5	21	12	10	1f4	88448844874b874b77bb77bb78b478b488bb774487b4784b774488bb784b87b4874b874b77bb77bb78b478b48844884487b4784b774488bb784b87b488bb774422eedd112de1d21edd1122eed21e2de1221122112d1e2d1eddeeddeed2e1d2e12de1d21edd1122eed21e2de122eedd112d1e2d1eddeeddeed2e1d2e122112211	00440044074b074b77bb77bb78b478b400bb774407b4784b774488bb784b84b4074b074b77bb77bb78b478b48844884407b4784b774488bb784b84b488bb44442222dd112d21d21edd1122eed21e2de0221122112d1e2d1eddeeddeed2e0d2e02d21d21edd1122eed21e2de022eedd002d1e2d1eddeeddeed2e0d2e022002200	00440044074b074b77bb77bb78b478b400bb774407b4784b774488bb784b84b4074b074b77bb77bb78b478b48844884407b4784b774488bb784b84b488bb44442222dd112d21d21edd1122eed21e2de0221122112d1e2d1eddeeddeed2e0d2e02d21d21edd1122eed21e2de022eedd002d1e2d1eddeeddeed2e0d2e022002200	88448844874b874077bb77b078b4780088bb774487b47840774488b078408400874b874077bb770078b478008844880087b4784077448800784084008800440022eedd112de1d21edd1122eed21e2ce0221122112c1e2c1edceedceec0e0c0e02de1d21edd1122eed21e2ce022eecc002c1e2c1ecceecceec0e0c0e000000000	88448844874b874077bb77b078b4780088bb774487b47840774488b078408400874b874077bb770078b478008844880087b4784077448800784084008800440022eedd112de1d21edd1122eed21e2ce0221122112c1e2c1edceedceec0e0c0e02de1d21edd1122eed21e2ce022eecc002c1e2c1ecceecceec0e0c0e000000000	00440044074b074077bb77b078b4780000bb774407b47840774488b078408400074b074077bb770078b478008844880007b478407744880078408400880044002222dd112d21d21edd1122eed21e2ce0221122112c1e2c1edceedceec0e0c0e02d21d21edd1122eed21e2ce022eecc002c1e2c1ecceecceec0e0c0e000000000
03a7d9	21	12	10	1fd	ddeeddeed2e1d2e1221122112d1e2d1edd1122eed21e2de122eedd112de1d21ed2e1d2e1221122112d1e2d1eddeeddeed21e2de122eedd112de1d21edd1122ee774488bb784b87b488bb774487b4784b77bb77bb78b478b488448844874b874b784b87b488bb774487b4784b774488bb78b478b488448844874b874b77bb77bb	00ee00ee02e102e1221122112d1e2d1e001122ee021e2de122eedd112de1d21e02e102e1221122112d1e2d1eddeeddee021e2de122eedd112de1d21edd1122ee774488bb784b87b488bb774487b4784077bb77bb78b478b48844884487408740784b87b488bb774487b478407744880078b478b4884488448740874077007700	00ee00ee02e102e1221122112d1e2d1e001122ee021e2de122eedd112de1d21e02e102e1221122112d1e2d1eddeeddee021e2de122eedd112de1d21edd1122ee774488bb784b87b488bb774487b4784077bb77bb78b478b48844884487408740784b87b488bb774487b478407744880078b478b4884488448740874077007700	ddeeddeed2e1d2e0221122102d1e2d00dd1122eed21e2de022eedd102de0d200d2e1d2e0221122002d1e2d00ddeedd00d21e2de022eedd002de0d200dd002200774488bb784b87b488bb774487b4704077bb77bb70b470b48044804400400040784b87b488bb774487b470407744000070b470b4004400440040004000000000	ddeeddeed2e1d2e0221122102d1e2d00dd1122eed21e2de022eedd102de0d200d2e1d2e0221122002d1e2d00ddeedd00d21e2de022eedd002de0d200dd002200774488bb784b87b488bb774487b4704077bb77bb70b470b48044804400400040784b87b488bb774487b470407744000070b470b4004400440040004000000000	00ee00ee02e102e0221122102d1e2d00001122ee021e2de022eedd102de0d20002e102e0221122002d1e2d00ddeedd00021e2de022eedd002de0d200dd002200774488bb784b87b488bb774487b4704077bb77bb70b470b48044804400400040784b87b488bb774487b470407744000070b470b4004400440040004000000000
05573d	21	12	10	1fd	ddeeddeed2e1d2e1221122112d1e2d1edd1122eed21e2de122eedd112de1d21ed2e1d2e1221122112d1e2d1eddeeddeed21e2de122eedd112de1d21edd1122ee774488bb784b87b488bb774487b4784b77bb77bb78b478b488448844874b874b784b87b488bb774487b4784b774488bb78b478b488448844874b874b77bb77bb	00ee00ee02e102e1221122112d1e2d1e001122ee021e2de122eedd112de1d21e02e102e1221122112d1e2d1eddeeddee021e2de122eedd112de1d21edd1122ee774488bb784b87b488bb774487b4784077bb77bb78b478b48844884487408740784b87b488bb774487b478407744880078b478b4884488448740874077007700	00ee00ee02e102e1221122112d1e2d1e001122ee021e2de122eedd112de1d21e02e102e1221122112d1e2d1eddeeddee021e2de122eedd112de1d21edd1122ee774488bb784b87b488bb774487b4784077bb77bb78b478b48844884487408740784b87b488bb774487b478407744880078b478b4884488448740874077007700	ddeeddeed2e1d2e0221122102d1e2d00dd1122eed21e2de022eedd102de0d200d2e1d2e0221122002d1e2d00ddeedd00d21e2de022eedd002de0d200dd002200774488bb784b87b488bb774487b4704077bb77bb70b470b48044804400400040784b87b488bb774487b470407744000070b470b4004400440040004000000000	ddeeddeed2e1d2e0221122102d1e2d00dd1122eed21e2de022eedd102de0d200d2e1d2e0221122002d1e2d00ddeedd00d21e2de022eedd002de0d200dd002200774488bb784b87b488bb774487b4704077bb77bb70b470b48044804400400040784b87b488bb774487b470407744000070b470b4004400440040004000000000	00ee00ee02e102e0221122102d1e2d00001122ee021e2de022eedd102de0d20002e102e0221122002d1e2d00ddeedd00021e2de022eedd002de0d200dd002200774488bb784b87b488bb774487b4704077bb77bb70b470b48044804400400040784b87b488bb774487b470407744000070b470b4004400440040004000000000
009eef	21	12	10	1fe	bb88bb88b487b487447744774b784b78bb774488b4784b874488bb774b87b478b487b487447744774b784b78bb88bb88b4784b874488bb774b87b478bb7744881122eedd1e2de1d2eedd1122e1d21e2d11dd11dd1ed21ed2ee22ee22e12de12d1e2de1d2eedd1122e1d21e2d1122eedd1ed21ed2ee22ee22e12de12d11dd11dd	1188118814871487447744774b784b781177448814784b874488bb774b87b07814871487447744774b784b78bb88bb8814784b874488bb774b87b078bb7700881100eedd1e0de1d2eedd1122e1d21e2811dd11dd1ed21ed2ee22ee22e128e1281e0de1d2eedd1122e1d21e281122ee881ed21ed2ee22ee22e128e12811881188	1188118814871487447744774b784b781177448814784b874488bb774b87b07814871487447744774b784b78bb88bb8814784b874488bb774b87b078bb7700881100eedd1e0de1d2eedd1122e1d21e2811dd11dd1ed21ed2ee22ee22e128e1281e0de1d2eedd1122e1d21e281122ee881ed21ed2ee22ee22e128e12811881188	bb88bb88b487b480447744704b784b00bb774488b4784b804488bb704b80b000b487b480447744004b784b00bb88bb00b4784b804488bb004b80b000bb0000001122eedd1e2de1d2eedd1122e1d21a2811dd11dd1ad21ad2ea22ea22a028a0281e2de1d2eedd1122e1d21a281122aa881ad21ad2aa22aa22a028a02800880088	bb88bb88b487b480447744704b784b00bb774488b4784b804488bb704b80b000b487b480447744004b784b00bb88bb00b4784b804488bb004b80b000bb0000001122eedd1e2de1d2eedd1122e1d21a2811dd11dd1ad21ad2ea22ea22a028a0281e2de1d2eedd1122e1d21a281122aa881ad21ad2aa22aa22a028a02800880088	1188118814871480447744704b784b001177448814784b804488bb704b80b00014871480447744004b784b00bb88bb0014784b804488bb004b80b000bb0000001100eedd1e0de1d2eedd1122e1d21a2811dd11dd1ad21ad2ea22ea22a028a0281e0de1d2eedd1122e1d21a281122aa881ad21ad2aa22aa22a028a02800880088
003237	21	8	10	204	884477bb78b4874b884477bb78b4874b7744774487b487b47744774487b487b478b4874b77bb884478b4874b77bb884487b487b488bb88bb87b487b488bb88bbdd11dd112de12de1dd11dd112de12de12211ddeed2e12d1e2211ddeed2e12d1e2de12de122ee22ee2de12de122ee22eed2e12d1eddee2211d2e12d1eddee2211	004477bb70b4874b004477bb70b4874b7744774487b487b47744774487b487b448b4874b44bb884448b4874b44bb884487b487b488bb88bb87b487b488bb88bbdd11dd112de12de1dd11dd112de12de12211dd22d2e12d122211dd22d2e12d122de12de122ee22ee2de12de122ee22eed2e12d0eddee2200d2e12d0eddee2200	004477bb70b4874b004477bb70b4874b7744774487b487b47744774487b487b448b4874b44bb884048b4874b44bb884487b487b488bb88bb87b487b488bb88bbdd11dd112de12de1dd11dd112de12de12211dd22d2e12d120211dd22d2e12d122de12de122ee22ee2de12de122ee22eed2e12d0eddee2200d2e12d0eddee2200	884477bb78b4874b884477bb78b4874b7744774487b487b47744774487b487b44804874b440088404804874b4400884487048704880088008704870488008800cc11cc112ce12ce1cc11cc112ce12ce12211cceed2e12c1e0211cceed2e12c1e0ce10ce100ee00ee0ce10ce100ee00eec2e10c0eccee0000c2e10c0eccee0000	884477bb78b4874b884477bb78b4874b7744774487b487b47744774487b487b44804874b440088404804874b4400884487048704880088008704870488008800cc11cc112ce12ce1cc11cc112ce12ce12211cceed2e12c1e0211cceed2e12c1e0ce10ce100ee00ee0ce10ce100ee00eec2e10c0eccee0000c2e10c0eccee0000	004477bb70b4874b004477bb70b4874b7744774487b487b47744774487b487b44804874b440088404804874b4400884487048704880088008704870488008800cc11cc112ce12ce1cc11cc112ce12ce12211cc22d2e12c120211cc22d2e12c120ce10ce100ee00ee0ce10ce100ee00eec2e10c0eccee0000c2e10c0eccee0000
02f54f	21	12	10	204	884477bb78b4874b884477bb78b4874b7744774487b487b47744774487b487b478b4874b77bb884478b4874b77bb884487b487b488bb88bb87b487b488bb88bbdd11dd112de12de1dd11dd112de12de12211ddeed2e12d1e2211ddeed2e12d1e2de12de122ee22ee2de12de122ee22eed2e12d1eddee2211d2e12d1eddee2211	004477bb70b4874b004477bb70b4874b7744774487b487b47744774487b487b448b4874b44bb884448b4874b44bb884487b487b488bb88bb87b487b488bb88bbdd11dd112de12de1dd11dd112de12de12211dd22d2e12d122211dd22d2e12d122de12de122ee22ee2de12de122ee22eed2e12d0eddee2200d2e12d0eddee2200	004477bb70b4874b004477bb70b4874b7744774487b487b47744774487b487b448b4874b44bb884048b4874b44bb884487b487b488bb88bb87b487b488bb88bbdd11dd112de12de1dd11dd112de12de12211dd22d2e12d120211dd22d2e12d122de12de122ee22ee2de12de122ee22eed2e12d0eddee2200d2e12d0eddee2200	884477bb78b4874b884477bb78b4874b7744774487b487b47744774487b487b44804874b440088404804874b4400884487048704880088008704870488008800cc11cc112ce12ce1cc11cc112ce12ce12211cceed2e12c1e0211cceed2e12c1e0ce10ce100ee00ee0ce10ce100ee00eec2e10c0eccee0000c2e10c0eccee0000	884477bb78b4874b884477bb78b4874b7744774487b487b47744774487b487b44804874b440088404804874b4400884487048704880088008704870488008800cc11cc112ce12ce1cc11cc112ce12ce12211cceed2e12c1e0211cceed2e12c1e0ce10ce100ee00ee0ce10ce100ee00eec2e10c0eccee0000c2e10c0eccee0000	004477bb70b4874b004477bb70b4874b7744774487b487b47744774487b487b44804874b440088404804874b4400884487048704880088008704870488008800cc11cc112ce12ce1cc11cc112ce12ce12211cc22d2e12c120211cc22d2e12c120ce10ce100ee00ee0ce10ce100ee00eec2e10c0eccee0000c2e10c0eccee0000
0006e7	21	8	10	207	ee2211dd1ed2e12dee2211dd1ed2e12d11221122e1d2e1d211221122e1d2e1d21ed2e12d11ddee221ed2e12d11ddee22e1d2e1d2eeddeedde1d2e1d2eeddeeddbb77bb774b874b87bb77bb774b874b874477bb88b4874b784477bb88b4874b784b874b87448844884b874b8744884488b4874b78bb884477b4874b78bb884477	002211dd10d2e12d002211dd10d2e12d11221122e1d2e1d211221122e1d2e1d20ed2e12d00ddee220ed2e12d00ddee22e1d2e1d2eeddeedde1d2e1d2eeddeeddbb77bb774b874b87bb77bb774b874b874477bb00b4874b704477bb00b4874b704b874b87448844884b874b8744884488b4874b08bb884400b4874b08bb884400	002211dd10d2e12d002211dd10d2e12d11221122e1d2e1d211221122e1d2e1d20ed2e12d00ddee220ed2e12d00ddee22e1d2e1d2eeddeedde1d2e1d2eeddeeddbb77bb774b874b87bb77bb774b874b874477bb00b4874b704477bb00b4874b704b874b87448844884b874b8744884488b4874b08bb884400b4874b08bb884400	ee2211dd1ed2e12dee2211dd1ed2e12d11221122e1d2e1d211221122e1d2e1d20e82e12d0088ee220e82e12d0088ee22e182e182ee88ee88e182e182ee88ee888877887748874887887788774887488744778888b487487844778888b48748780887088700880088088708870088008884870808888800008487080888880000	ee2211dd1ed2e12dee2211dd1ed2e12d11221122e1d2e1d211221122e1d2e1d20e82e12d0088ee220e82e12d0088ee22e182e182ee88ee88e182e182ee88ee888877887748874887887788774887488744778888b487487844778888b48748780887088700880088088708870088008884870808888800008487080888880000	002211dd10d2e12d002211dd10d2e12d11221122e1d2e1d211221122e1d2e1d20e82e12d0088ee220e82e12d0088ee22e182e182ee88ee88e182e182ee88ee888877887748874887887788774887488744778800b487487044778800b48748700887088700880088088708870088008884870808888800008487080888880000
000489	21	4	6	208	0000000000000000000000000000000000000000000000000000000000000000000000000000000000000000000000000000000000000000000000000000000000000000000000000000000000000000000000000000000000000000000000000000000000000000000000000000000000000000000000000000000000000000	0000000000000000000000000000000000000000000000000000000000000000000000000000000000000000000000000000000000000000000000000000000000000000000000000000000000000000000000000000000000000000000000000000000000000000000000000000000000000000000000000000000000000000	0000000000000000000000000000000000000000000000000000000000000000000000000000000000000000000000000000000000000000000000000000000000000000000000000000000000000000000000000000000000000000000000000000000000000000000000000000000000000000000000000000000000000000	0000000000000000000000000000000000000000000000000000000000000000000000000000000000000000000000000000000000000000000000000000000000000000000000000000000000000000000000000000000000000000000000000000000000000000000000000000000000000000000000000000000000000000	0000000000000000000000000000000000000000000000000000000000000000000000000000000000000000000000000000000000000000000000000000000000000000000000000000000000000000000000000000000000000000000000000000000000000000000000000000000000000000000000000000000000000000	0000000000000000000000000000000000000000000000000000000000000000000000000000000000000000000000000000000000000000000000000000000000000000000000000000000000000000000000000000000000000000000000000000000000000000000000000000000000000000000000000000000000000000
02d7e9	21	12	9	210	00400040000000000040004000000000004000b000000000004000b00000000000000000000400040000000000040004000000000004000b000000000004000bd000200000000000d00020000000000020002000000000002000200000000000000000000d000200000000000d00020000000000020002000000000002000200	00400040000000000040004000000000004000b000000000004000b00000000000000000000400040000000000040004000000000004000b000000000004000bd000200000000000d00020000000000020002000000000002000200000000000000000000d000200000000000d00020000000000020002000000000002000200	00400040000000000040004000000000004000b000000000004000b00000000000000000000400040000000000040004000000000004000b000000000004000bd000200000000000d00020000000000020002000000000002000200000000000000000000d000200000000000d00020000000000020002000000000002000200	00400040000000000040004000000000000000000000000000000000000000000000000000040004000000000004000400000000000000000000000000000000c000000000000000c00000000000000000000000000000000000000000000000000000000c000000000000000c00000000000000000000000000000000000000	00400040000000000040004000000000000000000000000000000000000000000000000000040004000000000004000400000000000000000000000000000000c000000000000000c00000000000000000000000000000000000000000000000000000000c000000000000000c00000000000000000000000000000000000000	00400040000000000040004000000000000000000000000000000000000000000000000000040004000000000004000400000000000000000000000000000000c000000000000000c00000000000000000000000000000000000000000000000000000000c000000000000000c00000000000000000000000000000000000000
0378eb	21	12	9	225	001100ee001000e0001100ee001000e0001100110010001000110011001000100001000e001100ee0001000e001100ee0001000100110011000100010011001188008800800080008800880080008000770088007000800077008800700080000800080088008800080008008800880007000800770088000700080077008800	001100ee001000e0001100ee001000e0001100110010001000110011001000100001000e001100ee0001000e001100ee0001000100110011000100010011001188008800800080008800880080008000770088007000800077008800700080000800080088008800080008008800880007000800770088000700080077008800	001100ee001000e0001100ee001000e0001100110010001000110011001000100001000e001100ee0001000e001100ee0001000100110011000100010011001188008800800080008800880080008000770088007000800077008800700080000800080088008800080008008800880007000800770088000700080077008800	001000ee001000e0001000ee001000e0001000100010001000100010001000100000000e000000ee0000000e000000ee0000000000000000000000000000000080008000800080008000800080008000740080007000800074008000700080000000000000000000000000000000000004000000440000000400000044000000	001000ee001000e0001000ee001000e0001000100010001000100010001000100000000e000000ee0000000e000000ee0000000000000000000000000000000080008000800080008000800080008000740080007000800074008000700080000000000000000000000000000000000004000000440000000400000044000000	001000ee001000e0001000ee001000e0001000100010001000100010001000100000000e000000ee0000000e000000ee0000000000000000000000000000000080008000800080008000800080008000740080007000800074008000700080000000000000000000000000000000000004000000440000000400000044000000
03e59d	21	12	10	231	d21ed21edd11dd11d21ed21edd11dd112d1ed2e12211ddee2d1ed2e12211ddee22ee22eed21ed21e22ee22eed21ed21eddee22112d1ed2e1ddee22112d1ed2e1874b78b4884477bb874b78b4884477bb784b784b77447744784b784b7744774477bb8844874b78b477bb8844874b78b488bb88bb784b784b88bb88bb784b784b	021e021e0d110d11021e021e0d110d112c1ed2e12211ddee2c1ed2e12211ddee22ee22ee021e021e22ee22ee021e021edcee22112c1ed2e1dcee22112c1ed2e1874b78348844773b874b78348844773b7840784077447744784078407744774477bb8844874b783477bb8844874b783488b088b07840784088b088b078407840	021e021e0d110d11021e021e0d110d112c1ed2e02211ddee2c1ed2e12211ddee22ee22ee021e021e22ee22ee021e021edcee22112c1ed2e1dcee22112c1ed2e1874b78348844773b874b78348844773b7840784077447744784078407744774477bb8844874b783477bb8844074b783488b088b07840784088b088b078407840	d21ed21edd11dd11d21ed21edd11dd112c00d2e02200ddee2c00d2e02200ddee22ee22eed21ed21e22ee22eed21ed21edce022102c00d2e0dce022102c00d2e0844b40b4884444bb844b40b4884444bb4040404044444444404040404444444474bb8044844b40b474bb8044044b40b480b080b04040404080b080b040404040	d21ed21edd11dd11d21ed21edd11dd112c00d2e02200ddee2c00d2e02200ddee22ee22eed21ed21e22ee22eed21ed21edce022102c00d2e0dce022102c00d2e0844b40b4884444bb844b40b4884444bb4040404044444444404040404444444474bb8044844b40b474bb8044044b40b480b080b04040404080b080b040404040	021e021e0d110d11021e021e0d110d112c00d2e02200ddee2c00d2e02200ddee22ee22ee021e021e22ee22ee021e021edce022102c00d2e0dce022102c00d2e0844b40348844443b844b40348844443b4040404044444444404040404444444474bb8044844b403474bb8044044b403480b080b04040404080b080b040404040
007dd7	21	12	10	238	87b487b488bb88bb87b487b488bb88bb78b4874b77bb884478b4874b77bb88447744774487b487b47744774487b487b4884477bb78b4874b884477bb78b4874bd2e12d1eddee2211d2e12d1eddee22112de12de122ee22ee2de12de122ee22ee2211ddeed2e12d1e2211ddeed2e12d1edd11dd112de12de1dd11dd112de12de1	07b407b408bb08bb07b407b408bb08bb70b4874b77bb884470b4874b77bb88447744774407b407b47744774407b407b4804477bb70b4874b804477bb70b4874bd2e12d0eddee2201d2e12d0eddee22012de02de022ee22ee2de02de022ee22ee2211ddeed2e12d0e2211ddeed2e12d0edd10dd102de02de0dd10dd102de02de0	07b407b408bb08bb07b407b408bb08bb70b4874b77bb884470b4874b77bb88447744774407b407b47744774407b407b4804477bb70b4874b8044779b70b4874bd2e12d0ed9ee2201d2e12d0eddee22012de02de022ee22ee2de02de022ee22ee2211ddeed2e12d0e2211ddeed2e12d0edd10dd102de02de0dd10dd102de02de0	87b487b488bb88bb87b487b488bb88bb700087407700884470008740770088447744774487b487b47744774487b487b4804077b0700087408040779070008740d2e1201ed9ee2211d2e1201eddee221120e020e022ee22ee20e020e022ee22ee2211d0eed2e1201e2211d0eed2e1201ed010d01020e020e0d010d01020e020e0	87b487b488bb88bb87b487b488bb88bb700087407700884470008740770088447744774487b487b47744774487b487b4804077b0700087408040779070008740d2e1201ed9ee2211d2e1201eddee221120e020e022ee22ee20e020e022ee22ee2211d0eed2e1201e2211d0eed2e1201ed010d01020e020e0d010d01020e020e0	07b407b408bb08bb07b407b408bb08bb700087407700884470008740770088447744774407b407b47744774407b407b4804077b0700087408040779070008740d2e1200ed9ee2201d2e1200eddee220120e020e022ee22ee20e020e022ee22ee2211d0eed2e1200e2211d0eed2e1200ed010d01020e020e0d010d01020e020e0
008675	21	8	9	243	002000d00000000000d0002000000000002000200000000000d000d000000000000000000002000d00000000000d0002000000000002000200000000000d000db000b0000000000040004000000000004000b00000000000b000400000000000000000000b000b0000000000040004000000000004000b00000000000b000400	002000d00000000000d0002000000000002000200000000000d000d000000000000000000002000d00000000000d0002000000000002000200000000000d000db000b0000000000040004000000000004000b00000000000b000400000000000000000000b000b0000000000040004000000000004000b00000000000b000400	002000d00000000000d0002000000000002000200000000000d000d000000000000000000002000d00000000000d0002000000000002000200000000000d000db000b0000000000040004000000000004000b00000000000b000400000000000000000000b000b0000000000040004000000000004000b00000000000b000400	002000d000000000008000200000000000200020000000000080008000000000000000000002000d00000000000800020000000000020002000000000008000880008000000000000000000000000000400080000000000080000000000000000000000008000800000000000000000000000000040008000000000008000000	002000d000000000008000200000000000200020000000000080008000000000000000000002000d00000000000800020000000000020002000000000008000880008000000000000000000000000000400080000000000080000000000000000000000008000800000000000000000000000000040008000000000008000000	002000d000000000008000200000000000200020000000000080008000000000000000000002000d00000000000800020000000000020002000000000008000880008000000000000000000000000000400080000000000080000000000000000000000008000800000000000000000000000000040008000000000008000000
007067	21	8	10	245	dd1122ee2de1d21e22eedd11d21e2de122112211d2e1d2e1ddeeddee2d1e2d1e2de1d21e22eedd11d21e2de1dd1122eed2e1d2e1ddeeddee2d1e2d1e221122118844884478b478b477bb77bb874b874b774488bb87b4784b88bb7744784b87b478b478b477bb77bb874b874b8844884487b4784b88bb7744784b87b4774488bb	001122ee20e1d21e22eedd11d21e2de122112211d2e1d2e1ddeeddee2d1e2d1e2de1d21e22eedd11c21e2de1cc1122eed2e1d2e1ddeeddee2d1e2d1e221122118844884478b478b477bb77bb874b874b7744883387b4784388bb7744784b87b478b478b477bb77bb874b874b8844884487b4784b88bb7744784b870477448800	001122ee20e1d21e22eedd11d21e2de122112211d2e1d2e1ddeeddee2d1e2d1e2de1d21e22eedd11c21e2de1cc1122eed2e1d2e1ddeeddee2d1e2d1e221122118844884478b478b477bb77bb874b874b7744883387b4784388bb7744784b87b478b478b477bb77bb874b874b8844884487b4784b88bb7744784b870477448800	dd1122ee2de1d21e22eedd11d21e2de122112211d2e1d2e1ddeeddee2d1e2d1e2de1d21e22eedd11c20e2de1cc0022eed2e1d2e1ddeeddee2d0e2d0e220022008844884478b478b444bb44bb844b844b774488bb87b4784b88bb4444784b84b448b448b444bb44bb044b044b0044004487b4484b88bb4444484b040444440000	dd1122ee2de1d21e22eedd11d21e2de122112211d2e1d2e1ddeeddee2d1e2d1e2de1d21e22eedd11c20e2de1cc0022eed2e1d2e1ddeeddee2d0e2d0e220022008844884478b478b444bb44bb844b844b774488bb87b4784b88bb4444784b84b448b448b444bb44bb044b044b0044004487b4484b88bb4444484b040444440000	001122ee20e1d21e22eedd11d21e2de122112211d2e1d2e1ddeeddee2d1e2d1e2de1d21e22eedd11c20e2de1cc0022eed2e1d2e1ddeeddee2d0e2d0e220022008844884478b478b444bb44bb844b844b7744883387b4784388bb4444784b84b448b448b444bb44bb044b044b0044004487b4484b88bb4444484b040444440000
002bd1	21	8	10	257	ee22ee221ed21ed211dd11dde12de12d1122eedde1d21e2deedd11221e2de1d21ed21ed211dd11dde12de12dee22ee22e1d21e2deedd11221e2de1d21122eeddbb7744884b87b4784488bb77b4784b8744774477b487b487bb88bb884b784b784b87b4784488bb77b4784b87bb774488b487b487bb88bb884b784b7844774477	0022002210d210d211dd11dde12de12d1122eedde1d21e2deedd11221e2de1d21ed21ed211dd11dde12de12dee22ee22e1d21e2deedd11220e2de1d20022eeddbb7744004b87b4704488bb77b4784b8744774477b487b487bb88bb884b784b784b87b4784488bb77b4784b87bb774488b487b487bb88bb884b084b0844004400	0022002210d210d211dd11dde12de12d1122eedde1d21e2deedd11221e2dc1d21ed21ed211dd11ddc12de12dee22ee22e1d21e2deedd11220e2de1d20022eeddbb7744004b87b4704488bb77b4784b8744774477b487b483bb88bb884b784b784b83b4784488bb77b4784b87bb774488b487b487bb88bb884b084b0844004400	ee22ee221ed21ed211dd11dde12de12d1122eedde1d21e2dee8811221e28c1d21ed21ed211dd11ddc12de12dee22ee22e1821e2dee8811220e08e1820000ee88bb7744884b87b47844888877b478488744774477b487b48388888888487848784b83847844888877847808878877008884878487888888880808080800000000	ee22ee221ed21ed211dd11dde12de12d1122eedde1d21e2dee8811221e28c1d21ed21ed211dd11ddc12de12dee22ee22e1821e2dee8811220e08e1820000ee88bb7744884b87b47844888877b478488744774477b487b48388888888487848784b83847844888877847808878877008884878487888888880808080800000000	0022002210d210d211dd11dde12de12d1122eedde1d21e2dee8811221e28c1d21ed21ed211dd11ddc12de12dee22ee22e1821e2dee8811220e08e1820000ee88bb7744004b87b47044888877b478488744774477b487b48388888888487848784b83847844888877847808878877008884878487888888880808080800000000
0beefb	21	16	10	261	d21e2d41dd0122ee2de1d21e22ecdc112d1e2d1e22112211d2e1d2e1ddeeddee22eedd11d21e2de1dd1122ee2de1d21eddeeddee2d1e2c1622112211d2e1d2e1874b874b88448844683478b477bb77bb784b87b4774488bb87b4784b88bb774477bb77bb874b874b8844884478b478b4883b3744784b87b4774480bb82b4784b	021e2de10d1122ee2ce1d21e22eedd112d1e2d1e22112211d2e1d2e1ddeeddee22eedd11021e2de1dc1122ee2ce1d21eddeeddee2d1e2d1e22112211d2e1d2e1874b874b8844884478b478b477bb77bb784b87347744883b87b4784088bb774477bb77bb874b874b8844884478b478b488bb7744784b8734774488b087b47840	021e2de10d1122ee2ce1d21e22eedd112d1e2d1e22112211d2e1d2e1ddeeddee22ecdd11021e2d61dc1122ee2ce1d21eddeeddee291e2d1e20112210d2e1d2e1874b874b0844880478b4789477bb77bb784b87347744883b86b4784088bb374477bb77bb874b874b8844884478b478b488bb7744784b8734774488b087b47840	d21e2de1dd1122ee2ce0d21e22eedd112d1e2d1e22112211d2e0d2e0ddeeddee22eedd11d21e2de1dc1022ee2ce0d21eddeeddee2d1e2d1e22102210d2e0d2e0844b844b8844884440b440b444bb44bb784b84b4774488bb84b4404088bb444474bb74bb844b844b8044804440b440b488bb7444784b84b4744480b084b44040	d21e2de1dd1122ee2ce0d21e22eedd112d1e2d1e22112211d2e0d2e0ddeeddee22eedd11d21e2de1dc1022ee2ce0d21eddeeddee2d1e2d1e22102210d2e0d2e0844b844b8844884440b440b444bb44bb784b84b4774488bb84b4404088bb444474bb74bb844b844b8044804440b440b488bb7444784b84b4744480b084b44040	021e2de10d1122ee2ce0d21e22eedd112d1e2d1e22112211d2e0d2e0ddeeddee22eedd11021e2de1dc1022ee2ce0d21eddeeddee2d1e2d1e22102210d2e0d2e0844b844b8844884440b440b444bb44bb784b84347744883b84b4404088bb444474bb74bb844b844b8044804440b440b488bb7444784b8434744480b084b44040
012c95	21	8	10	273	e12de12dee22ee221ed21ed211dd11dd1e2de1d21122eedde1d21e2deedd112211dd11dde12de12dee22ee221ed21ed2eedd11221e2de1d21122eedde1d21e2db4784b87bb7744884b87b4784488bb774b784b7844774477b487b487bb88bb884488bb77b4784b87bb7744884b87b478bb88bb884b784b7844774477b487b487	012d012d0e220e221ed21ed211dd11dd1e2de1d21122eedde0d21e2deedd112211dd11dd012d012dee22ee221ed21ed2eedd11221e2de1d21022eedde0d21e2db4784b07bb7744084b87b4784488bb774b784b7844774477b480b480bb88bb884488bb77b4784b07bb7744884b87b478bb88bb884b784b7844704470b480b480	012d012d0e2206221ed21ed211dd11dd1e2de1d20122eedde0d21e2deedd112211dd11dd012d012dee22ee221ed21ed2eedd11221e2de1d21022eedde0d21e2db4784b07bb7744084b87b4784488bb774b784b7844774477b480b480bb88bb884488bb77b4784b07bb7744804b87b478bb88bb884b784b7844604470b480b480	e12de12dee22e6221ed21ed211dd11dd1e28e1d20122eedde0801e28ee88112211dd11dde12de12dee22ee221ed21ed2eed811221e28e1d21020eed8e0801e28b4784887bb7744884887807844888877487848784477447780808080888888884488b877b4784887b877408048878078b888b888487848784060407080808080	e12de12dee22e6221ed21ed211dd11dd1e28e1d20122eedde0801e28ee88112211dd11dde12de12dee22ee221ed21ed2eed811221e28e1d21020eed8e0801e28b4784887bb7744884887807844888877487848784477447780808080888888884488b877b4784887b877408048878078b888b888487848784060407080808080	012d012d0e2206221ed21ed211dd11dd1e28e1d20122eedde0801e28ee88112211dd11dd012d012dee22ee221ed21ed2eed811221e28e1d21020eed8e0801e28b4784807bb7744084887807844888877487848784477447780808080888888884488b877b4784807b877408048878078b888b888487848784060407080808080
0098a7	21	8	10	279	d2e1d2e1ddeeddee2d1e2d1e221122112de1d21e22eedd11d21e2de1dd1122ee22112211d2e1d2e1ddeeddee2d1e2d1edd1122ee2de1d21e22eedd11d21e2de187b4784b88bb7744784b87b4774488bb78b478b477bb77bb874b874b88448844774488bb87b4784b88bb7744784b87b48844884478b478b477bb77bb874b874b	02e102e10dee0dee2d1e2d1e221122112de1d21e22eedd11d21e2de1dd1122ee2211221102e102e1ddeeddee2d1e2d1edd1122ee2de1d21e22eedd11d21e2de187b4784b88bb7744784b87b4774488bb78b478b477bb77bb8740874088448844774488bb87b4784b88bb7744784b87b48844884478b478b477b077b087408740	02e102e10dee0dee2d1e2d1e221122112de1d21e22eedd11d21e2de1dd1122ee2211221102e102e1ddeeddee2d1e2d1edd1122ee2de1d21e226edd11d21e2de187b4784b88bb7644784b87b4774488bb78b478b477bb77bb8740874088448844774488bb87b4784b88bb7744784b87b48844884478b478b477b077b087408740	d2e1d2e1ddeeddee2d1e2d1e221122112de0d21e22eedd11d2002de0dd0022ee22112211d2e1d2e1ddeeddee2d1e2d1edd1022ee2de0d21e2260dd10d2002de087b4704b88bb7644704b00b4774400bb70b470b477bb77bb0040004000440044774480bb87b4704b80bb7044704b00b48044804470b470b470b070b000400040	d2e1d2e1ddeeddee2d1e2d1e221122112de0d21e22eedd11d2002de0dd0022ee22112211d2e1d2e1ddeeddee2d1e2d1edd1022ee2de0d21e2260dd10d2002de087b4704b88bb7644704b00b4774400bb70b470b477bb77bb0040004000440044774480bb87b4704b80bb7044704b00b48044804470b470b470b070b000400040	02e102e10dee0dee2d1e2d1e221122112de0d21e22eedd11d2002de0dd0022ee2211221102e102e1ddeeddee2d1e2d1edd1022ee2de0d21e2260dd10d2002de087b4704b88bb7644704b00b4774400bb70b470b477bb77bb0040004000440044774480bb87b4704b80bb7044704b00b48044804470b470b470b070b000400040
0275d7	21	12	10	286	bb7744884b87b478bb7744884b87b478bb88bb884b784b78bb88bb884b784b784b87b4784488bb774b87b4784488bb774b784b78447744774b784b7844774477ee22ee221ed21ed2ee22ee221ed21ed2eedd11221e2de1d2eedd11221e2de1d21ed21ed211dd11dd1ed21ed211dd11dd1e2de1d21122eedd1e2de1d21122eedd	117744884187b478117744884187b478118811884178417811881188417841784b87b4784488bb774b87b4784488bb774b784b78447744774b784b7844774477ee22ee221ed21ed2ee22ee221ed21ed2eedd11221e2de1d2eedd11221e2de1d21e821e82118811881e821e82118811881e2de1821122ee881e2de1821122ee88	117744884187b478117744884187b478118811884178417811881188417841784b87b4784488bb774b87b4784488bb774b784b78447744774b784b7844774477ee22ee221ed21ed2ee22ee221ed21ed2eedd11221e2de1d2eedd11221e2de1d21e821e82118811881e821e82118811881e2de1821122ee881e2de1821122ee88	bb0044884b80b478bb0044884b80b478bb88bb884b784b78bb88bb884b784b784b00b4084400bb004b00b4084400bb004b084b08440044004b084b0844004400ee22ee221ed21ed2ee22ee221ed21ed2eedd00221e2de0d2eedd00221e2de0d20e820e82008800880e820e82008800880e2d8082002288880e2d808200228888	bb0044884b80b478bb0044884b80b478bb88bb884b784b78bb88bb884b784b784b00b4084400bb004b00b4084400bb004b084b08440044004b084b0844004400ee22ee221ed21ed2ee22ee221ed21ed2eedd00221e2de0d2eedd00221e2de0d20e820e82008800880e820e82008800880e2d8082002288880e2d808200228888	110044884180b478110044884180b478118811884178417811881188417841784b00b4084400bb004b00b4084400bb004b084b08440044004b084b0844004400ee22ee221ed21ed2ee22ee221ed21ed2eedd00221e2de0d2eedd00221e2de0d20e820e82008800880e820e82008800880e2d8082002288880e2d808200228888
07d7bf	21	16	10	28c	88b27744784387b488ba7744784b87a48844884478b478b48844884478a478b4784987b4774488bb784a87b4774488bb78b478b4779b57bb78b478b477bb77bbddeeddee2d1e2d1eddead9ee2d1e2d1edd1122ee2de1521edd1122ee2de1921e2d1e251e221122112d1e2d1e2211221125e1d21e22ee5d112de1c21e22ee4d11	00bb7744704b87b400bb7744704b87b40044004470b470b40044004470b470b4784b87b4774488bb784b87b4774488bb78b478b477bb77bb78b478b477bb77bbddeeddee2d1e2d1eddeeddee2d1e2d1edd1122ee2de1d21edd1122ee2de1d21e2d0e2d0e220022002d0e2d0e220022002de1d20e22eedd002de1d20e22eedd00	00bb7744704b87b400ab7744704b87b40044004470b470b40044004470b470b4784b87b4774488bb784b87b4774488bb78b478b477bb77bb78b478b4779b77bbddeed9ee2d1e2d1eddeeddee2d1e2d1edd1122ee2de1d21edd1122ee2de1d21e2d0e2d0e220022002d0e2d0e220022002de1d20e22eed5002de1d20e22eedd00	88007744784087b488007744704087b48844884478b478b48844884478b478b47800870477008800780087047700880078047804770077007804780477007700ddeeddee2d1e2d1eddeeddee2d1e2d1edd1122ee2de1d21edd1122ee2de1d21e2d0e2d0e220022002d0e2d0e220022002de1020e22ee00002de1020e22ee0000	88007744784087b488007744704087b48844884478b478b48844884478b478b47800870477008800780087047700880078047804770077007804780477007700ddeeddee2d1e2d1eddeeddee2d1e2d1edd1122ee2de1d21edd1122ee2de1d21e2d0e2d0e220022002d0e2d0e220022002de1020e22ee00002de1020e22ee0000	00007744704087b400007744704087b40044004470b470b40044004470b470b47800870477008800780087047700880078047804770077007804780477007700ddeeddee2d1e2d1eddeeddee2d1e2d1edd1122ee2de1d21edd1122ee2de1d21e2d0e2d0e220022002d0e2d0e220022002de1020e22ee00002de1020e22ee0000
00fd2f	21	12	10	294	8844884478b478b48844884478b478b488bb7744784b87b488bb7744784b87b478b478b477bb77bb78b478b477bb77bb784b87b4774488bb784b87b4774488bbdd1122ee2de1d21edd1122ee2de1d21eddeeddee2d1e2d1eddeeddee2d1e2d1e2de1d21e22eedd112de1d21e22eedd112d1e2d1e221122112d1e2d1e22112211	0044004470b470b40044004470b470b400bb7744704b87b400bb7744704b87b478b478b477bb77bb78b478b477bb77bb484b87b4444488bb484b87b4444488bbdd1122222de1d212dd1122222de1d212ddeeddee2d1e2d1eddeeddee2d1e2d1e2de1d20e22eedd002de1d20e22eedd002d0e2d0e220022002d0e2d0e22002200	0044004470b470b40044004470b470b400bb7744704b87b400bb7744704b87b478b478b477bb77bb78b478b477bb77bb484b87b4444488bb484b87b4444488bbdd1122222de1d212dd1122222de1d212ddeeddee2d1e2d1eddeeddee2d1e2d1e2de1d20e22eedd002de1d20e22eedd002d0e2d0e220022002d0e2d0e22002200	8844884478b478b48844884478b478b488007744784087b488007744784087b47804780477007700780478047700770048008704440088004800870444008800dd1122ee2de1d21edd1122ee2de1d21ecceeccee2c1e2c1ecceeccee2c1e2c1e2de1c20e22eecc002de1c20e22eecc000c0e0c0e000000000c0e0c0e00000000	8844884478b478b48844884478b478b488007744784087b488007744784087b47804780477007700780478047700770048008704440088004800870444008800dd1122ee2de1d21edd1122ee2de1d21ecceeccee2c1e2c1ecceeccee2c1e2c1e2de1c20e22eecc002de1c20e22eecc000c0e0c0e000000000c0e0c0e00000000	0044004470b470b40044004470b470b400007744704087b400007744704087b47804780477007700780478047700770048008704440088004800870444008800dd1122222de1d212dd1122222de1d212cceeccee2c1e2c1ecceeccee2c1e2c1e2de1c20e22eecc002de1c20e22eecc000c0e0c0e000000000c0e0c0e00000000
00261f	21	8	10	297	ee22ee221ed21ed2ee22ee221ed21ed2eedd11221e2de1d2eedd11221e2de1d21ed21ed211dd11dd1ed21ed211dd11dd1e2de1d21122eedd1e2de1d21122eeddbb7744884b87b478bb7744884b87b478bb88bb884b784b78bb88bb884b784b784b87b4784488bb774b87b4784488bb774b784b78447744774b784b7844774477	0022002210d210d20022002210d210d200dd1122102de1d200dd1122102de1d21ed21ed211dd11dd1ed21ed211dd11dd0e2de1d20022eedd0e2de1d20022eeddbb7744004b87b470bb7744004b87b470bb88bb884b784b78bb88bb884b784b784b87b4084488bb004b87b4084488bb004b084b08440044004b084b0844004400	0022002210d210d20022002210d210d200dd1122102de1d200dd1122102de1d21ed21ed211dd11dd1ed21ed211dd11dd0e2de1d20022eedd0e2de1d20022eeddbb7744004b87b470bb7744004b87b470bb88bb884b784b78bb88bb884b784b784b87b4084488bb004b87b4084488bb004b084b08440044004b084b0844004400	ee22ee221ed21ed2ee22ee221ed21ed2ee8811221e28e1d2ee8811221e28e1d21e821e82118811881e821e82118811880e08e1820000ee880e08e1820000ee88bb7744884b87b478bb7744884b87b478888888884878487888888888487848784b878408448888004b8784084488880008080808000000000808080800000000	ee22ee221ed21ed2ee22ee221ed21ed2ee8811221e28e1d2ee8811221e28e1d21e821e82118811881e821e82118811880e08e1820000ee880e08e1820000ee88bb7744884b87b478bb7744884b87b478888888884878487888888888487848784b878408448888004b8784084488880008080808000000000808080800000000	0022002210d210d20022002210d210d2008811221028e1d2008811221028e1d21e821e82118811881e821e82118811880e08e1820000ee880e08e1820000ee88bb7744004b87b470bb7744004b87b470888888884878487888888888487848784b878408448888004b8784084488880008080808000000000808080800000000
01bf95	21	12	10	29d	ddeeddee2d1e2d1eddeeddee2d1e2d1edd1122ee2de1d21edd1122ee2de1d21e2d1e2d1e221122112d1e2d1e221122112de1d21e22eedd112de1d21e22eedd1188bb7744784b87b488bb7744784b87b48844884478b478b48844884478b478b4784b87b4774488bb784b87b4774488bb78b478b477bb77bb78b478b477bb77bb	00ee00ee201e201e00ee00ee201e201e001122ee20e1d21e001122ee20e1d21e2d1e2d1e221122112d1e2d1e221122112de1d21e22eedd112de1d21e22eedd1188bb7744784b87b488bb7744784b87b48844884478b478b48844884478b478b4784b870477448800784b87047744880078047804770077007804780477007700	00ee00ee201e201e00ee00ee201e201e001122ee20e1d21e001122ee20e1d21e2d1e2d1e221122112d1e2d1e221122112de1d21e22eedd112de1d21e22eedd1188bb7744784b87b488bb7744784b87b48844884478b478b48844884478b478b4784b870477448800784b87047744880078047804770077007804780477007700	ddeeddee2d1e2d1eddeeddee2d1e2d1edd0022ee2de0d21edd0022ee2de0d21e2d0e2d0e220022002d0e2d0e220022002d00d20e2200dd002d00d20e2200dd0088bb7744784b87b488bb7744784b87b40044004470b470b40044004470b470b4784b070477440000784b07047744000000040004000000000004000400000000	ddeeddee2d1e2d1eddeeddee2d1e2d1edd0022ee2de0d21edd0022ee2de0d21e2d0e2d0e220022002d0e2d0e220022002d00d20e2200dd002d00d20e2200dd0088bb7744784b87b488bb7744784b87b40044004470b470b40044004470b470b4784b070477440000784b07047744000000040004000000000004000400000000	00ee00ee201e201e00ee00ee201e201e000022ee20e0d21e000022ee20e0d21e2d0e2d0e220022002d0e2d0e220022002d00d20e2200dd002d00d20e2200dd0088bb7744784b87b488bb7744784b87b40044004470b470b40044004470b470b4784b070477440000784b07047744000000040004000000000004000400000000
04f753	21	12	9	2a4	004400bb004000b0004400bb004000b000bb00bb00b000b000bb00bb00b000b00004000b004400bb0004000b004400bb000b000b00bb00bb000b000b00bb00bbdd00dd00d000d000dd00dd00d000d000dd002200d0002000dd002200d00020000d000d00dd00dd000d000d00dd00dd000d000200dd0022000d000200dd002200	004400bb004000b0004400bb004000b000bb00bb00b000b000bb00bb00b000b00004000b004400bb0004000b004400bb000b000b00bb00bb000b000b00bb00bbdd00dd00d000d000dd00dd00d000d000dd002200d0002000dd002200d00020000d000d00dd00dd000d000d00dd00dd000d000200dd0022000d000200dd002200	004400bb004000b0004400bb004000b000bb00bb00b000b000bb00bb00b000b00004000b004400bb0004000b004400bb000b000b00bb00bb000b000b00bb00bbdd00dd00d000d000dd00dd00d000d000dd002200d0002000dd002200d00020000d000d00dd00dd000d000d00dd00dd000d000200dd0022000d000200dd002200	004000b0004000b0004000b0004000b000b000b000b000b000b000b000b000b00000000000000000000000000000000000000000000000000000000000000000dc00dc00d000d000dc00dc00d000d000dc002000d0002000dc002000d00020000c000c00cc00cc000c000c00cc00cc000c000000cc0000000c000000cc000000	004000b0004000b0004000b0004000b000b000b000b000b000b000b000b000b00000000000000000000000000000000000000000000000000000000000000000dc00dc00d000d000dc00dc00d000d000dc002000d0002000dc002000d00020000c000c00cc00cc000c000c00cc00cc000c000000cc0000000c000000cc000000	004000b0004000b0004000b0004000b000b000b000b000b000b000b000b000b00000000000000000000000000000000000000000000000000000000000000000dc00dc00d000d000dc00dc00d000d000dc002000d0002000dc002000d00020000c000c00cc00cc000c000c00cc00cc000c000000cc0000000c000000cc000000
03c78f	7	12	3	2ad	0000000000000000000000000000000000000000000000000000000000000000000000000000000000000000000000000000000000000000000000000000000000000000000000000000000000000000000000000000000000000000000000000000000000000000000000000000000000000000000000000000000000000000	0000000000000000000000000000000000000000000000000000000000000000000000000000000000000000000000000000000000000000000000000000000000000000000000000000000000000000000000000000000000000000000000000000000000000000000000000000000000000000000000000000000000000000	0000000000000000000000000000000000000000000000000000000000000000000000000000000000000000000000000000000000000000000000000000000000000000000000000000000000000000000000000000000000000000000000000000000000000000000000000000000000000000000000000000000000000000	0000000000000000000000000000000000000000000000000000000000000000000000000000000000000000000000000000000000000000000000000000000000000000000000000000000000000000000000000000000000000000000000000000000000000000000000000000000000000000000000000000000000000000	0000000000000000000000000000000000000000000000000000000000000000000000000000000000000000000000000000000000000000000000000000000000000000000000000000000000000000000000000000000000000000000000000000000000000000000000000000000000000000000000000000000000000000	0000000000000000000000000000000000000000000000000000000000000000000000000000000000000000000000000000000000000000000000000000000000000000000000000000000000000000000000000000000000000000000000000000000000000000000000000000000000000000000000000000000000000000
04aabf	21	12	10	2b3	e12de12dee22ee22e12de12dee22ee22e1d21e2deedd1122e1d21e2deedd112211dd11dde12de12d11dd11dde12de12d1122eedde1d21e2d1122eedde1d21e2db4784b87bb774488b4784b87bb774488b487b487bb88bb88b487b487bb88bb884488bb77b4784b874488bb77b4784b8744774477b487b48744774477b487b487	012d012d0e220e22012d012d0e220e2200d21e2d0edd112200d21e2d0edd112211dd11dd012d012d11dd11dd012d012d1022eedd00d21e2d1022eedd00d21e2db4784b00bb774408b4784b00bb774408b480b480bb88bb88b480b480bb88bb884488bb70b4784b004488bb70b4784b0044704470b480b48044704470b480b480	012d012d0e220e22012d012d0e220e2200d21e2d0edd112200d21e2d0edd112211dd11dd012d012d11dd11dd012d012d1022eedd00d21e2d1022eedd00d21e2db4784b00bb774408b4784b00bb774408b480b480bb88bb88b480b480bb88bb884488bb70b4784b004488bb70b4784b0044704470b480b48044704470b480b480	e128e128ee22ee22e128e128ee22ee22e0801e28ee881122e0801e28ee88112211d811d8e128e12811d811d8e128e1281020eed8e0801e281020eed8e0801e28b4784880bb774488b4784880bb774488808080808888888880808080888888884488b870b47848804488b870b478488040704070808080804070407080808080	e128e128ee22ee22e128e128ee22ee22e0801e28ee881122e0801e28ee88112211d811d8e128e12811d811d8e128e1281020eed8e0801e281020eed8e0801e28b4784880bb774488b4784880bb774488808080808888888880808080888888884488b870b47848804488b870b478488040704070808080804070407080808080	012801280e220e22012801280e220e2200801e280e88112200801e280e88112211d811d80128012811d811d8012801281020eed800801e281020eed800801e28b4784800bb774408b4784800bb774408808080808888888880808080888888884488b870b47848004488b870b478480040704070808080804070407080808080
010b27	21	8	9	2b5	0011001100100010001100110010001000ee001100e0001000ee001100e0001000010001001100110001000100110011000e000100ee0011000e000100ee001188007700800070008800770080007000880088008000800088008800800080000800070088007700080007008800770008000800880088000800080088008800	0011001100100010001100110010001000ee001100e0001000ee001100e0001000010001001100110001000100110011000e000100ee0011000e000100ee001188007700800070008800770080007000880088008000800088008800800080000800070088007700080007008800770008000800880088000800080088008800	0011001100100010001100110010001000ee001100e0001000ee001100e0001000010001001100110001000100110011000e000100ee0011000e000100ee001188007700800070008800770080007000880088008000800088008800800080000800070088007700080007008800770008000800880088000800080088008800	0010001000100010001000100010001000e0001000e0001000e0001000e00010000000000000000000000000000000000000000000000000000000000000000088007400800070008800740080007000800080008000800080008000800080000800040088004400080004008800440000000000000000000000000000000000	0010001000100010001000100010001000e0001000e0001000e0001000e00010000000000000000000000000000000000000000000000000000000000000000088007400800070008800740080007000800080008000800080008000800080000800040088004400080004008800440000000000000000000000000000000000	0010001000100010001000100010001000e0001000e0001000e0001000e00010000000000000000000000000000000000000000000000000000000000000000088007400800070008800740080007000800080008000800080008000800080000800040088004400080004008800440000000000000000000000000000000000
00ab31	21	8	10	2ba	b487b487bb88bb88b487b487bb88bb88b4784b87bb774488b4784b87bb77448844774477b487b48744774477b487b4874488bb77b4784b874488bb77b4784b87e1d21e2deedd1122e1d21e2deedd1122e12de12dee22ee22e12de12dee22ee221122eedde1d21e2d1122eedde1d21e2d11dd11dde12de12d11dd11dde12de12d	148714871b881b88148714871b881b8810784b871b77448810784b871b774488447744771487148744774477148714874088bb7710784b874088bb7710784b87e1d21e08eedd1102e1d21e08eedd1102e128e128ee22ee22e128e128ee22ee221122eed8e1d21e081122eed8e1d21e0811d811d8e128e12811d811d8e128e128	148714871b881b88148714871b881b8810784b871b77448810784b871b774488447744771487148744774477148714874088bb7710784b874088bb7710784b87e1d21e08eedd1102e1d21e08eedd1102e128e128ee22ee22e128e128ee22ee221122eed8e1d21e081122eed8e1d21e0811d811d8e128e12811d811d8e128e128	b480b480bb88bb88b480b480bb88bb88b0004b80bb004488b0004b80bb00448844704470b480b48044704470b480b4804080bb70b0004b804080bb70b0004b80e1d21a28eedd1122e1d21a28eedd1122a028a028aa22aa22a028a028aa22aa221122ead8e1d21a281122ead8e1d21a2810d810d8a028a02810d810d8a028a028	b480b480bb88bb88b480b480bb88bb88b0004b80bb004488b0004b80bb00448844704470b480b48044704470b480b4804080bb70b0004b804080bb70b0004b80e1d21a28eedd1122e1d21a28eedd1122a028a028aa22aa22a028a028aa22aa221122ead8e1d21a281122ead8e1d21a2810d810d8a028a02810d810d8a028a028	148014801b881b88148014801b881b8810004b801b00448810004b801b004488447044701480148044704470148014804080bb7010004b804080bb7010004b80e1d21a08eedd1102e1d21a08eedd1102a028a028aa22aa22a028a028aa22aa221122ead8e1d21a081122ead8e1d21a0810d810d8a028a02810d810d8a028a028
011ef7	21	12	10	2ba	b487b487bb88bb88b487b487bb88bb88b4784b87bb774488b4784b87bb77448844774477b487b48744774477b487b4874488bb77b4784b874488bb77b4784b87e1d21e2deedd1122e1d21e2deedd1122e12de12dee22ee22e12de12dee22ee221122eedde1d21e2d1122eedde1d21e2d11dd11dde12de12d11dd11dde12de12d	148714871b881b88148714871b881b8810784b871b77448810784b871b774488447744771487148744774477148714874088bb7710784b874088bb7710784b87e1d21e08eedd1102e1d21e08eedd1102e128e128ee22ee22e128e128ee22ee221122eed8e1d21e081122eed8e1d21e0811d811d8e128e12811d811d8e128e128	148714871b881b88148714871b881b8810784b871b77448810784b871b774488447744771487148744774477148714874088bb7710784b874088bb7710784b87e1d21e08eedd1102e1d21e08eedd1102e128e128ee22ee22e128e128ee22ee221122eed8e1d21e081122eed8e1d21e0811d811d8e128e12811d811d8e128e128	b480b480bb88bb88b480b480bb88bb88b0004b80bb004488b0004b80bb00448844704470b480b48044704470b480b4804080bb70b0004b804080bb70b0004b80e1d21a28eedd1122e1d21a28eedd1122a028a028aa22aa22a028a028aa22aa221122ead8e1d21a281122ead8e1d21a2810d810d8a028a02810d810d8a028a028	b480b480bb88bb88b480b480bb88bb88b0004b80bb004488b0004b80bb00448844704470b480b48044704470b480b4804080bb70b0004b804080bb70b0004b80e1d21a28eedd1122e1d21a28eedd1122a028a028aa22aa22a028a028aa22aa221122ead8e1d21a281122ead8e1d21a2810d810d8a028a02810d810d8a028a028	148014801b881b88148014801b881b8810004b801b00448810004b801b004488447044701480148044704470148014804080bb7010004b804080bb7010004b80e1d21a08eedd1102e1d21a08eedd1102a028a028aa22aa22a028a028aa22aa221122ead8e1d21a081122ead8e1d21a0810d810d8a028a02810d810d8a028a028
0190d5	21	8	10	2ba	b487b487bb88bb88b487b487bb88bb88b4784b87bb774488b4784b87bb77448844774477b487b48744774477b487b4874488bb77b4784b874488bb77b4784b87e1d21e2deedd1122e1d21e2deedd1122e12de12dee22ee22e12de12dee22ee221122eedde1d21e2d1122eedde1d21e2d11dd11dde12de12d11dd11dde12de12d	148714871b881b88148714871b881b8810784b871b77448810784b871b774488447744771487148744774477148714874088bb7710784b874088bb7710784b87e1d21e08eedd1102e1d21e08eedd1102e128e128ee22ee22e128e128ee22ee221122eed8e1d21e081122eed8e1d21e0811d811d8e128e12811d811d8e128e128	148714871b881b88148714871b881b8810784b871b77448810784b871b774488447744771487148744774477148714874088bb7710784b874088bb7710784b87e1d21e08eedd1102e1d21e08eedd1102e128e128ee22ee22e128e128ee22ee221122eed8e1d21e081122eed8e1d21e0811d811d8e128e12811d811d8e128e128	b480b480bb88bb88b480b480bb88bb88b0004b80bb004488b0004b80bb00448844704470b480b48044704470b480b4804080bb70b0004b804080bb70b0004b80e1d21a28eedd1122e1d21a28eedd1122a028a028aa22aa22a028a028aa22aa221122ead8e1d21a281122ead8e1d21a2810d810d8a028a02810d810d8a028a028	b480b480bb88bb88b480b480bb88bb88b0004b80bb004488b0004b80bb00448844704470b480b48044704470b480b4804080bb70b0004b804080bb70b0004b80e1d21a28eedd1122e1d21a28eedd1122a028a028aa22aa22a028a028aa22aa221122ead8e1d21a281122ead8e1d21a2810d810d8a028a02810d810d8a028a028	148014801b881b88148014801b881b8810004b801b00448810004b801b004488447044701480148044704470148014804080bb7010004b804080bb7010004b80e1d21a08eedd1102e1d21a08eedd1102a028a028aa22aa22a028a028aa22aa221122ead8e1d21a081122ead8e1d21a0810d810d8a028a02810d810d8a028a028
023493	21	8	10	2ba	b487b487bb88bb88b487b487bb88bb88b4784b87bb774488b4784b87bb77448844774477b487b48744774477b487b4874488bb77b4784b874488bb77b4784b87e1d21e2deedd1122e1d21e2deedd1122e12de12dee22ee22e12de12dee22ee221122eedde1d21e2d1122eedde1d21e2d11dd11dde12de12d11dd11dde12de12d	148714871b881b88148714871b881b8810784b871b77448810784b871b774488447744771487148744774477148714874088bb7710784b874088bb7710784b87e1d21e08eedd1102e1d21e08eedd1102e128e128ee22ee22e128e128ee22ee221122eed8e1d21e081122eed8e1d21e0811d811d8e128e12811d811d8e128e128	148714871b881b88148714871b881b8810784b871b77448810784b871b774488447744771487148744774477148714874088bb7710784b874088bb7710784b87e1d21e08eedd1102e1d21e08eedd1102e128e128ee22ee22e128e128ee22ee221122eed8e1d21e081122eed8e1d21e0811d811d8e128e12811d811d8e128e128	b480b480bb88bb88b480b480bb88bb88b0004b80bb004488b0004b80bb00448844704470b480b48044704470b480b4804080bb70b0004b804080bb70b0004b80e1d21a28eedd1122e1d21a28eedd1122a028a028aa22aa22a028a028aa22aa221122ead8e1d21a281122ead8e1d21a2810d810d8a028a02810d810d8a028a028	b480b480bb88bb88b480b480bb88bb88b0004b80bb004488b0004b80bb00448844704470b480b48044704470b480b4804080bb70b0004b804080bb70b0004b80e1d21a28eedd1122e1d21a28eedd1122a028a028aa22aa22a028a028aa22aa221122ead8e1d21a281122ead8e1d21a2810d810d8a028a02810d810d8a028a028	148014801b881b88148014801b881b8810004b801b00448810004b801b004488447044701480148044704470148014804080bb7010004b804080bb7010004b80e1d21a08eedd1102e1d21a08eedd1102a028a028aa22aa22a028a028aa22aa221122ead8e1d21a081122ead8e1d21a0810d810d8a028a02810d810d8a028a028
003ddf	21	12	10	2cd	ddee22112d1ed2e12211ddeed2e12d1edd11dd112de12de122ee22eed21ed21e2d1ed2e12211ddeed2e12d1eddee22112de12de122ee22eed21ed21edd11dd1188bb88bb784b784b7744774487b487b4884477bb78b4874b77bb8844874b78b4784b784b7744774487b487b488bb88bb78b4874b77bb8844874b78b4884477bb	00ee2211201ed2e12211ddeed2e12d1e0011001120e120e122ee22eed21ed21e2d1ed2e12211ddeed2e12d1eddee22112de12de122ee22eed21ed21edd11dd1188bb88bb784b784b7744774487b487b4884477bb78b4874b77bb8844874b78b4784b784b77447744870487048800880078b4874b77bb8844874b780488447700	00ee2211201ed2e12211ddeed2e12d1e0011001120e120e122ee22eed21ed21e2d1ed2e12211ddeed2e12d1eddee22112de12de122ee22eed21ed21edd11dd1188bb88bb784b784b7744774487b487b4884477bb78b4874b77bb8844874b78b4784b784b77447744870487048800880078b4874b77bb8844874b780488447700	ddee22112d1ed2e12200ddeed2e02d1edd11dd112de12de122ee22eed21ed21e2d0ed2e12200ddeed2002d0edd0022002de12de122ee22eed20ed20edd00dd0088bb88bb784b784b7744774487b487b4884477bb78b4874b77bb0044874b70b4784b784b77447744070407040000000078b4074b77bb0044074b000400440000	ddee22112d1ed2e12200ddeed2e02d1edd11dd112de12de122ee22eed21ed21e2d0ed2e12200ddeed2002d0edd0022002de12de122ee22eed20ed20edd00dd0088bb88bb784b784b7744774487b487b4884477bb78b4874b77bb0044874b70b4784b784b77447744070407040000000078b4074b77bb0044074b000400440000	00ee2211201ed2e12200ddeed2e02d1e0011001120e120e122ee22eed21ed21e2d0ed2e12200ddeed2002d0edd0022002de12de122ee22eed20ed20edd00dd0088bb88bb784b784b7744774487b487b4884477bb78b4874b77bb0044874b70b4784b784b77447744070407040000000078b4074b77bb0044074b000400440000
04dbb5	21	12	10	2cd	ddee22112d1ed2e12211ddeed2e12d1edd11dd112de12de122ee22eed21ed21e2d1ed2e12211ddeed2e12d1eddee22112de12de122ee22eed21ed21edd11dd1188bb88bb784b784b7744774487b487b4884477bb78b4874b77bb8844874b78b4784b784b7744774487b487b488bb88bb78b4874b77bb8844874b78b4884477bb	00ee2211201ed2e12211ddeed2e12d1e0011001120e120e122ee22eed21ed21e2d1ed2e12211ddeed2e12d1eddee22112de12de122ee22eed21ed21edd11dd1188bb88bb784b784b7744774487b487b4884477bb78b4874b77bb8844874b78b4784b784b77447744870487048800880078b4874b77bb8844874b780488447700	00ee2211201ed2e12211ddeed2e12d1e0011001120e120e122ee22eed21ed21e2d1ed2e12211ddeed2e12d1eddee22112de12de122ee22eed21ed21edd11dd1188bb88bb784b784b7744774487b487b4884477bb78b4874b77bb8844874b78b4784b784b77447744870487048800880078b4874b77bb8844874b780488447700	ddee22112d1ed2e12200ddeed2e02d1edd11dd112de12de122ee22eed21ed21e2d0ed2e12200ddeed2002d0edd0022002de12de122ee22eed20ed20edd00dd0088bb88bb784b784b7744774487b487b4884477bb78b4874b77bb0044874b70b4784b784b77447744070407040000000078b4074b77bb0044074b000400440000	ddee22112d1ed2e12200ddeed2e02d1edd11dd112de12de122ee22eed21ed21e2d0ed2e12200ddeed2002d0edd0022002de12de122ee22eed20ed20edd00dd0088bb88bb784b784b7744774487b487b4884477bb78b4874b77bb0044874b70b4784b784b77447744070407040000000078b4074b77bb0044074b000400440000	00ee2211201ed2e12200ddeed2e02d1e0011001120e120e122ee22eed21ed21e2d0ed2e12200ddeed2002d0edd0022002de12de122ee22eed20ed20edd00dd0088bb88bb784b784b7744774487b487b4884477bb78b4874b77bb0044874b70b4784b784b77447744070407040000000078b4074b77bb0044074b000400440000
00d4d1	21	8	10	2ce	bb8844774b78b4874477bb88b4874b78bb77bb774b874b8744884488b478b4784b78b4874477bb88b4874b78bb8844774b874b8744884488b478b478bb77bb77eeddeedd1e2d1e2d11221122e1d2e1d2ee2211dd1ed2e12d11ddee22e12d1ed21e2d1e2d11221122e1d2e1d2eeddeedd1ed2e12d11ddee22e12d1ed2ee2211dd	118844774178b4874477bb88b4874b78117711774187418744884488b478b4784b78b4874477bb88b4874b78bb8844774b874b8744884488b478b478bb77bb77eeddeedd1e2d1e2d11221122e1d2e1d2ee2211dd1ed2e12d11ddee22e12d1ed21e2d1e2d11221122e182e182ee88ee881ed2e12d11ddee22e12d1e82ee221188	118844774178b4874477bb88b4874b78117711774187418744884488b478b4784b78b4874477bb88b4874b78bb8844774b874b8744884488b478b478bb77bb77eeddeedd1e2d1e2d11221122e1d2e1d2ee2211dd1ed2e12d11ddee22e12d1ed21e2d1e2d11221122e182e182ee88ee881ed2e12d11ddee22e12d1e82ee221188	bb8844774b78b4874400bb88b4804b78bb77bb774b874b8744884488b478b4784b08b4874400bb88b4004b08bb0044004b874b8744884488b408b408bb00bb00eeddeedd1e2d1e2d11221122e1d2e1d2ee2211dd1ed2e12d11ddaa22e12d1ad21e2d1e2d11221122a182a182aa88aa881ed2a12d11ddaa22a12d0a82aa220088	bb8844774b78b4874400bb88b4804b78bb77bb774b874b8744884488b478b4784b08b4874400bb88b4004b08bb0044004b874b8744884488b408b408bb00bb00eeddeedd1e2d1e2d11221122e1d2e1d2ee2211dd1ed2e12d11ddaa22e12d1ad21e2d1e2d11221122a182a182aa88aa881ed2a12d11ddaa22a12d0a82aa220088	118844774178b4874400bb88b4804b78117711774187418744884488b478b4784b08b4874400bb88b4004b08bb0044004b874b8744884488b408b408bb00bb00eeddeedd1e2d1e2d11221122e1d2e1d2ee2211dd1ed2e12d11ddaa22e12d1ad21e2d1e2d11221122a182a182aa88aa881ed2a12d11ddaa22a12d0a82aa220088
00ce19	21	8	9	2da	00800080000000000070007000000000007000800000000000800070000000000000000000080008000000000007000700000000000700080000000000080007e0001000000000001000e00000000000e000e000000000001000100000000000000000000e0001000000000001000e00000000000e000e000000000001000100	00800080000000000070007000000000007000800000000000800070000000000000000000080008000000000007000700000000000700080000000000080007e0001000000000001000e00000000000e000e000000000001000100000000000000000000e0001000000000001000e00000000000e000e000000000001000100	00800080000000000070007000000000007000800000000000800070000000000000000000080008000000000007000700000000000700080000000000080007e0001000000000001000e00000000000e000e000000000001000100000000000000000000e0001000000000001000e00000000000e000e000000000001000100	00800080000000000000000000000000000000800000000000000000000000000000000000080008000000000000000000000000000000080000000000000000e0001000000000001000a00000000000a000a000000000000000000000000000000000000e0001000000000001000a00000000000a000a000000000000000000	00800080000000000000000000000000000000800000000000000000000000000000000000080008000000000000000000000000000000080000000000000000e0001000000000001000a00000000000a000a000000000000000000000000000000000000e0001000000000001000a00000000000a000a000000000000000000	00800080000000000000000000000000000000800000000000000000000000000000000000080008000000000000000000000000000000080000000000000000e0001000000000001000a00000000000a000a000000000000000000000000000000000000e0001000000000001000a00000000000a000a000000000000000000
05acd7	21	12	9	2e5	001100ee001000e000ee001100e0001000ee00ee00e000e000110011001000100001000e001100ee000e000100ee0011000e000e00ee00ee000100010011001188008800800080007700770070007000880077008000700077008800700080000800080088008800070007007700770008000700880077000700080077008800	001100ee001000e000ee001100e0001000ee00ee00e000e000110011001000100001000e001100ee000e000100ee0011000e000e00ee00ee000100010011001188008800800080007700770070007000880077008000700077008800700080000800080088008800070007007700770008000700880077000700080077008800	001100ee001000e000ee001100e0001000ee00ee00e000e000110011001000100001000e001100ee000e000100ee0011000e000e00ee00ee000100010011001188008800800080007700770070007000880077008000700077008800700080000800080088008800070007007700770008000700880077000700080077008800	001000ee001000e000e0001000e0001000ee00ee00e000e000100010001000100000000e000000ee0000000000000000000e000e00ee00ee000000000000000088008800800080007400740070007000880074008000700074008000700080000800080088008800040004004400440008000400880044000400000044000000	001000ee001000e000e0001000e0001000ee00ee00e000e000100010001000100000000e000000ee0000000000000000000e000e00ee00ee000000000000000088008800800080007400740070007000880074008000700074008000700080000800080088008800040004004400440008000400880044000400000044000000	001000ee001000e000e0001000e0001000ee00ee00e000e000100010001000100000000e000000ee0000000000000000000e000e00ee00ee000000000000000088008800800080007400740070007000880074008000700074008000700080000800080088008800040004004400440008000400880044000400000044000000
0037df	21	12	10	2e9	d2e12d1eddee22112d1ed2e12211ddeed21ed21edd11dd112de12de122ee22ee2211ddeed2e12d1eddee22112d1ed2e122ee22eed21ed21edd11dd112de12de187b487b488bb88bb784b784b77447744874b78b4884477bb78b4874b77bb88447744774487b487b488bb88bb784b784b77bb8844874b78b4884477bb78b4874b	02e12d1e0dee22112d1ed2e12211ddee021e021e0d110d112de12de122ee22ee2211ddee02e12d1eddee22112d1ed2e122ee22ee021e021edd11dd112de12de187b487b488bb88bb7840784077447744874b78b4884477bb78b4874077bb88447744774487b487b488b088b07840784077bb8844874b78b4884477b078b48740	02e12d1e0dee22112d1ed2e12211ddee021e021e0d110d112de12de122ee22ee2211ddee02e12d1eddee22112d1ed2e122ee22ee021e021edd11dd112ce129e18794873488bb88bb7840784077447744874b78b4884477bb78b4874077bb88447744774487b487b488b088b07840784077bb8844874b78b4884477b078b48740	d2e02d1eddee22112d00d2e02200ddeed21ed21edd11dd112de02de022ee22ee2210ddeed2e02d1edde022102d00d2e022ee22eed21ed21edd10dd102ce029e08794873488bb88bb7040704077447744874b70b4884477bb70b4004077bb00447744774487b487b480b080b07040704077bb8044874b70b4804470b070b40040	d2e02d1eddee22112d00d2e02200ddeed21ed21edd11dd112de02de022ee22ee2210ddeed2e02d1edde022102d00d2e022ee22eed21ed21edd10dd102ce029e08794873488bb88bb7040704077447744874b70b4884477bb70b4004077bb00447744774487b487b480b080b07040704077bb8044874b70b4804470b070b40040	02e02d1e0dee22112d00d2e02200ddee021e021e0d110d112de02de022ee22ee2210ddee02e02d1edde022102d00d2e022ee22ee021e021edd10dd102ce029e08794873488bb88bb7040704077447744874b70b4884477bb70b4004077bb00447744774487b487b480b080b07040704077bb8044874b70b4804470b070b40040
01b8bf	21	12	10	2f2	b478b478bb77bb774b874b8744884488b4874b78bb8844774b78b4874477bb8844884488b478b478bb77bb774b874b874477bb88b4874b78bb8844774b78b487e12d1ed2ee2211dd1ed2e12d11ddee22e1d2e1d2eeddeedd1e2d1e2d1122112211ddee22e12d1ed2ee2211dd1ed2e12d11221122e1d2e1d2eeddeedd1e2d1e2d	147814781b771b774b874b874488448814874b781b8844774878b4874477bb884488448814781478bb77bb774b874b874477bb8814874b78b88844774878b487e12d1e12ee22111d1ed2e12811ddee22e1d2e1d2eeddeedd1e281e281122112211ddee22e12d1e12ee2211d81ed2e12811221122e1d2e1d2eed8eed81e281e28	147814781b771b774b8743874488448814874b781b8844774878b4874477bb884488448814780478bb77bb774b874b874477bb8814874b78b88844774878b487e12d1e12ee22111d1ed2e12811ddee22e1d2e1d2eeddeedd1e201e281122112211ddee22e12d1e12ee2211d81ed2e12811221122e1c2e1d2eed8eed81e281e28	b478b478bb77bb774b80438044884488b4804b78bb8844774800b4804400bb8844884488b478a478bb70bb704b804b804470bb88b4804b78b88044704800b480e12d1ed2ee2211dd1ed2e02811ddee22e0d2e0d2eeddeedd082008280022002211ddee22e12d1ed2ee2210d81ed2e02810221022e0c2e0d2e8d8e8d808280828	b478b478bb77bb774b80438044884488b4804b78bb8844774800b4804400bb8844884488b478a478bb70bb704b804b804470bb88b4804b78b88044704800b480e12d1ed2ee2211dd1ed2e02811ddee22e0d2e0d2eeddeedd082008280022002211ddee22e12d1ed2ee2210d81ed2e02810221022e0c2e0d2e8d8e8d808280828	147814781b771b774b8043804488448814804b781b8844774800b4804400bb884488448814780478bb70bb704b804b804470bb8814804b78b88044704800b480e12d1e12ee22111d1ed2e02811ddee22e0d2e0d2eeddeedd082008280022002211ddee22e12d1e12ee2210d81ed2e02810221022e0c2e0d2e8d8e8d808280828
033d37	21	12	10	2fb	e1d2e1d2eeddeedd1e2d1e2d11221122e12d1ed2ee2211dd1ed2e12d11ddee2211221122e1d2e1d2eeddeedd1e2d1e2d11ddee22e12d1ed2ee2211dd1ed2e12db4874b78bb8844774b78b4874477bb88b478b478bb77bb774b874b87448844884477bb88b4874b78bb8844774b78b48744884488b478b478bb77bb774b874b87	01d201d20edd0edd1e2d1e2d11221122012d1ed20e2211dd1ad2e12d11ddee221122112201d201d2eeddeedd1e2d1e2d11ddee22012d1ed2ea2211dd1ad2e12db4874b58bb8844574b78b4804477bb88b478b478bb77bb774b804b80448844884477bb88b4874b58bb8844704b78b48044884488b478b478bb70bb704b804b80	01d201d20edd0edd1e2d1e2d11221122012d1ed20e2211dd1ad2e12d11ddee221122112201d201d2eeddeedd1e2d1e2d11ddee22012d1ed2ea2211dd1ad2e12db4874b58bb8844574b78b4804477bb88b478b478bb77bb774b804b80448844884477bb88b4874b58bb8844704b78b48044884488b478b478bb70bb704b804b80	e1d2e1d2eeddeedd1e281e2811221122e1281ed2ee2211dd1a80e1281188ee2211221122e1d2e1d2eed8eed81e281e2811d8ee22e1281ed2ea2011d81a80e128b4874b78bb8844774b78b0804477bb88b078b078bb77bb7700800080008800884477bb88b4874b78bb8840704b78b08040884088b078b078b070b07000800080	e1d2e1d2eeddeedd1e281e2811221122e1281ed2ee2211dd1a80e1281188ee2211221122e1d2e1d2eed8eed81e281e2811d8ee22e1281ed2ea2011d81a80e128b4874b78bb8844774b78b0804477bb88b078b078bb77bb7700800080008800884477bb88b4874b78bb8840704b78b08040884088b078b078b070b07000800080	01d201d20edd0edd1e281e281122112201281ed20e2211dd1a80e1281188ee221122112201d201d2eed8eed81e281e2811d8ee2201281ed2ea2011d81a80e128b4874b58bb8844574b78b0804477bb88b078b078bb77bb7700800080008800884477bb88b4874b58bb8840704b78b08040884088b078b078b070b07000800080
04b97b	21	12	10	300	874b78b477bb8844874b78b477bb8844784b784b88bb88bb784b784b88bb88bb884477bb874b78b4884477bb874b78b477447744784b784b77447744784b784bd21ed21e22ee22eed21ed21e22ee22ee2d1ed2e1ddee22112d1ed2e1ddee2211dd11dd11d21ed21edd11dd11d21ed21e2211ddee2d1ed2e12211ddee2d1ed2e1	074b78b444bb8844074b78b444bb8844784b784b88bb88bb784b784b88bb88bb004477bb844b78b4004477bb844b78b477447744784b784b77447744784b784bd21ed21e22ee22eed21ed21e22ee22ee2d1ed221ddee22002d1ed221ddee2200dd11dd11d21ed21edd11dd11d21ed21e2211dd222d1ed2e02211dd222d1ed2e0	074b78b444bb8844074b78b444bb8844784b784b88bb88bb784b784b88bb88bb004477bb844b78b4004477bb844b78b477447744784b784b77447744784b784bd21ed21e22ee22eed21ed21e22ee22ee2d1ed221ddee22002d1ed221ddee2200dd11dd11d21ed21edd11dd11d21ed21e2211dd222d1ed2e02211dd222d1ed2e0	874b78b444008844874b78b444008844784b784b88008800784b784b88008800884477bb844078b4884477bb844078b477447744784078407744774478407840c21ec21e00ee00eec21ec21e00ee00ee2d1ec2e1ccee00002d1ec2e1ccee0000cc11cc11c01ec01ecc11cc11c01ec01e2211ccee2c1ec0e02211ccee2c1ec0e0	874b78b444008844874b78b444008844784b784b88008800784b784b88008800884477bb844078b4884477bb844078b477447744784078407744774478407840c21ec21e00ee00eec21ec21e00ee00ee2d1ec2e1ccee00002d1ec2e1ccee0000cc11cc11c01ec01ecc11cc11c01ec01e2211ccee2c1ec0e02211ccee2c1ec0e0	074b78b444008844074b78b444008844784b784b88008800784b784b88008800004477bb844078b4004477bb844078b477447744784078407744774478407840c21ec21e00ee00eec21ec21e00ee00ee2d1ec221ccee00002d1ec221ccee0000cc11cc11c01ec01ecc11cc11c01ec01e2211cc222c1ec0e02211cc222c1ec0e0
019929	21	8	10	30a	b4874b784477bb88b4874b784477bb884b874b87bb77bb774b874b87bb77bb77bb884477b4874b78bb884477b4874b78448844884b874b87448844884b874b87e1d2e1d211221122e1d2e1d2112211221ed2e12dee2211dd1ed2e12dee2211ddeeddeedde1d2e1d2eeddeedde1d2e1d211ddee221ed2e12d11ddee221ed2e12d	14874b780077bb8814874b780077bb884b874b87bb77bb774b874b87bb77bb7711884477b0874b7811884477b0874b78448844884b874b87448844884b874b87e1d2e1d211221122e1d2e1d2112211221ed2e10dee2211881ed2e10dee221188eeddeedde1d2e1d2eeddeedde1d2e1d211ddee001ed2e12811ddee001ed2e128	14874b780077bb8814874b780077bb884b874b87bb77bb774b874b87bb77bb7711884477b0874b7811884477b0874b78448844884b874b87448844884b874b87e1d2e1d211221122e1d2e1d2112211221ed2e10dee2211881ed2e10dee221188eeddeedde1d2e1d2eeddeedde1d2e1d211ddee001ed2e12811ddee001ed2e128	b4874b780000bb88b4874b780000bb884b874b87bb00bb004b874b87bb00bb00bb884477b0804b78bb884477b0804b78448844884b804b80448844884b804b80a1d2a1d200220022a1d2a1d2002200221ed2a12daa2200881ed2a12daa220088aaddaadda0d2a0d2aaddaadda0d2a0d211ddaa221ad2a02811ddaa221ad2a028	b4874b780000bb88b4874b780000bb884b874b87bb00bb004b874b87bb00bb00bb884477b0804b78bb884477b0804b78448844884b804b80448844884b804b80a1d2a1d200220022a1d2a1d2002200221ed2a12daa2200881ed2a12daa220088aaddaadda0d2a0d2aaddaadda0d2a0d211ddaa221ad2a02811ddaa221ad2a028	14874b780000bb8814874b780000bb884b874b87bb00bb004b874b87bb00bb0011884477b0804b7811884477b0804b78448844884b804b80448844884b804b80a1d2a1d200220022a1d2a1d2002200221ed2a10daa2200881ed2a10daa220088aaddaadda0d2a0d2aaddaadda0d2a0d211ddaa001ad2a02811ddaa001ad2a028
01aeb7	21	12	10	312	b478b47844884488b478b478448844884b78b487bb8844774b78b487bb884477bb77bb77b478b478bb77bb77b478b4784477bb884b78b4874477bb884b78b487e12d1ed211ddee22e12d1ed211ddee221e2d1e2deeddeedd1e2d1e2deeddeeddee2211dde12d1ed2ee2211dde12d1ed2112211221e2d1e2d112211221e2d1e2d	147814784488448814781478448844884b78b487888844774b78b4878888447711771177b478b47811771177b478b4784477bb884878b4874477bb884878b487e12d1e1211ddee22e12d1e1211ddee221e2d1e2dee88ee881e2d1e2dee88ee88ee221111e12d1ed2ee221111e12d1ed2112211221e281e28112211221e281e28	147814784488448814781478448844884b78b487888844774b78b4878888447711771177b478b47811771177b478b4784477bb884878b4874477bb884878b487e12d1e1211ddee22e12d1e1211ddee221e2d1e2dee88ee881e2d1e2dee88ee88ee221111e12d1ed2ee221111e12d1ed2112211221e281e28112211221e281e28	b478b47844884488b478b478448844884b08b487880044004b08b48788004400bb77bb77b478b478bb77bb77b478b4784400bb884800b4804400bb884800b480e12d0ed200dd8822e12d0ed200dd88220e2d0e2d888888880e2d0e2d88888888ee2200dde02d08d2ee2200dde02d08d200220022082808280022002208280828	b478b47844884488b478b478448844884b08b487880044004b08b48788004400bb77bb77b478b478bb77bb77b478b4784400bb884800b4804400bb884800b480e12d0ed200dd8822e12d0ed200dd88220e2d0e2d888888880e2d0e2d88888888ee2200dde02d08d2ee2200dde02d08d200220022082808280022002208280828	147814784488448814781478448844884b08b487880044004b08b4878800440011771177b478b47811771177b478b4784400bb884800b4804400bb884800b480e12d0e1200dd8822e12d0e1200dd88220e2d0e2d888888880e2d0e2d88888888ee220011e02d08d2ee220011e02d08d200220022082808280022002208280828
05e66d	21	12	10	312	b478b47844884488b478b478448844884b78b487bb8844774b78b487bb884477bb77bb77b478b478bb77bb77b478b4784477bb884b78b4874477bb884b78b487e12d1ed211ddee22e12d1ed211ddee221e2d1e2deeddeedd1e2d1e2deeddeeddee2211dde12d1ed2ee2211dde12d1ed2112211221e2d1e2d112211221e2d1e2d	147814784488448814781478448844884b78b487888844774b78b4878888447711771177b478b47811771177b478b4784477bb884878b4874477bb884878b487e12d1e1211ddee22e12d1e1211ddee221e2d1e2dee88ee881e2d1e2dee88ee88ee221111e12d1ed2ee221111e12d1ed2112211221e281e28112211221e281e28	147814784488448814781478448844884b78b487888844774b78b4878888447711771177b478b47811771177b478b4784477bb884878b4874477bb884878b487e12d1e1211ddee22e12d1e1211ddee221e2d1e2dee88ee881e2d1e2dee88ee88ee221111e12d1ed2ee221111e12d1ed2112211221e281e28112211221e281e28	b478b47844884488b478b478448844884b08b487880044004b08b48788004400bb77bb77b478b478bb77bb77b478b4784400bb884800b4804400bb884800b480e12d0ed200dd8822e12d0ed200dd88220e2d0e2d888888880e2d0e2d88888888ee2200dde02d08d2ee2200dde02d08d200220022082808280022002208280828	b478b47844884488b478b478448844884b08b487880044004b08b48788004400bb77bb77b478b478bb77bb77b478b4784400bb884800b4804400bb884800b480e12d0ed200dd8822e12d0ed200dd88220e2d0e2d888888880e2d0e2d88888888ee2200dde02d08d2ee2200dde02d08d200220022082808280022002208280828	147814784488448814781478448844884b08b487880044004b08b4878800440011771177b478b47811771177b478b4784400bb884800b4804400bb884800b480e12d0e1200dd8822e12d0e1200dd88220e2d0e2d888888880e2d0e2d88888888ee220011e02d08d2ee220011e02d08d200220022082808280022002208280828
02e2fb	21	12	10	31b	e1d2e1d211221122e1d2e1d2112211221ed2e12dee2211dd1ed2e12dee2211ddeeddeedde1d2e1d2eeddeedde1d2e1d211ddee221ed2e12d11ddee221ed2e12db4874b784477bb88b4874b784477bb884b874b87bb77bb774b874b87bb77bb77bb884477b4874b78bb884477b4874b78448844884b874b87448844884b874b87	01d201d21122112201d201d2112211221ed2e12daa2211dd1ed2e12daa2211dd00dd00dde1d2e1d200dd00dde1d2e1d211ddee221ad2e12d11ddee221ad2e12db4874b584477bb88b4874b584477bb884b874b87bb00bb004b874b87bb00bb00bb884455b4874b78bb884455b4874b78448844884b804b80448844884b804b80	01d201d21122112201d201d2112211221ed2e12daa2211dd1ed2e12daa2211dd00dd00dde1d2e1d200dd00dde1d2e1d211ddee221ad2e12d11ddee221ad2e12db4874b584477bb88b4874b584477bb884b874b87bb00bb004b874b87bb00bb00bb884455b4874b78bb884455b4874b78448844884b804b80448844884b804b80	e1d2e1d211221122e1d2e1d2112211221e82e12daa0011881e82e12daa001188eeddeedde1d2e1d2eeddeedde1d2e1d21188ee221a80e1281188ee221a80e128b4870b7800770088b4870b78007700880b870b87000000000b870b8700000000bb880077b0870078bb880077b087007800880088008000800088008800800080	e1d2e1d211221122e1d2e1d2112211221e82e12daa0011881e82e12daa001188eeddeedde1d2e1d2eeddeedde1d2e1d21188ee221a80e1281188ee221a80e128b4870b7800770088b4870b78007700880b870b87000000000b870b8700000000bb880077b0870078bb880077b087007800880088008000800088008800800080	01d201d21122112201d201d2112211221e82e12daa0011881e82e12daa00118800dd00dde1d2e1d200dd00dde1d2e1d21188ee221a80e1281188ee221a80e128b4870b5800770088b4870b58007700880b870b87000000000b870b8700000000bb880055b0870078bb880055b087007800880088008000800088008800800080
015513	21	8	9	31d	00ee00ee000e000e00ee00ee000e000e00ee0011000e000100ee0011000e000100e000e000ee00ee00e000e000ee00ee00e0001000ee001100e0001000ee001188007700080007008800770008000700770077000700070077007700070007008000700088007700800070008800770070007000770077007000700077007700	00ee00ee000e000e00ee00ee000e000e00ee0011000e000100ee0011000e000100e000e000ee00ee00e000e000ee00ee00e0001000ee001100e0001000ee001188007700080007008800770008000700770077000700070077007700070007008000700088007700800070008800770070007000770077007000700077007700	00ee00ee000e000e00ee00ee000e000e00ee0011000e000100ee0011000e000100e000e000ee00ee00e000e000ee00ee00e0001000ee001100e0001000ee001188007700080007008800770008000700770077000700070077007700070007008000700088007700800070008800770070007000770077007000700077007700	00ee00ee000e000e00ee00ee000e000e00ee00110000000000ee00110000000000e000e000ee00ee00e000e000ee00ee0000000000000000000000000000000088007700000000008800770000000000770077000000000077007700000000000000000000000000000000000000000000000000000000000000000000000000	00ee00ee000e000e00ee00ee000e000e00ee00110000000000ee00110000000000e000e000ee00ee00e000e000ee00ee0000000000000000000000000000000088007700000000008800770000000000770077000000000077007700000000000000000000000000000000000000000000000000000000000000000000000000	00ee00ee000e000e00ee00ee000e000e00ee00110000000000ee00110000000000e000e000ee00ee00e000e000ee00ee0000000000000000000000000000000088007700000000008800770000000000770077000000000077007700000000000000000000000000000000000000000000000000000000000000000000000000
005719	21	8	9	333	00200020002200220020002000220022002000d0002200dd002000d0002200dd00220022000200020022002200020002002200dd0002000d002200dd0002000db0004000bb004400b0004000bb00440040004000440044004000400044004400bb0044000b000400bb0044000b00040044004400040004004400440004000400	00200020002200220020002000220022002000d0002200dd002000d0002200dd00220022000200020022002200020002002200dd0002000d002200dd0002000db0004000bb004400b0004000bb00440040004000440044004000400044004400bb0044000b000400bb0044000b00040044004400040004004400440004000400	00200020002200220020002000220022002000d0002200dd002000d0002200dd00220022000200020022002200020002002200dd0002000d002200dd0002000db0004000bb004400b0004000bb00440040004000440044004000400044004400bb0044000b000400bb0044000b00040044004400040004004400440004000400	00200020002200220020002000220022002000d000000088002000d00000008800220022000200020022002200020002002000d800000008002000d800000008b000400088000000b00040008800000040004000000000004000400000000000b800400008000000b80040000800000040004000000000004000400000000000	00200020002200220020002000220022002000d000000088002000d00000008800220022000200020022002200020002002000d800000008002000d800000008b000400088000000b00040008800000040004000000000004000400000000000b800400008000000b80040000800000040004000000000004000400000000000	00200020002200220020002000220022002000d000000088002000d00000008800220022000200020022002200020002002000d800000008002000d800000008b000400088000000b00040008800000040004000000000004000400000000000b800400008000000b80040000800000040004000000000004000400000000000
03bad5	21	12	10	335	dd11dd11d21ed21edd11dd11d21ed21e2211ddee2d1ed2e12211ddee2d1ed2e1d21ed21e22ee22eed21ed21e22ee22ee2d1ed2e1ddee22112d1ed2e1ddee2211884477bb874b78b4884477bb874b78b477447744784b784b77447744784b784b874b78b477bb8844874b78b477bb8844784b784b88bb88bb784b784b88bb88bb	00110011021e021e00110011021e021e2211ddee2c1ed2e12211ddee2c1ed2e1021e021e22ee22ee021e021e22ee22ee2c1ed2e1ccee22112c1ed2e1ccee221188447733874b783488447733874b783477447744784078407744774478407840874b783477bb8844874b783477bb884478407840880088007840784088008800	00110011021e021e00110011021e021e2211ddee2c1ed2e12211ddee2c1ed2e1021e021e22ee22ee021e021e22ee22ee2c1ed2e1ccee22110c1ed2e1ccee221188447733874b783088447733874b783477447744784078407744774478407840874b783477bb8844874b783477bb884478407840880088007840784088008800	dd11dd11d21ed21edd11dd11d21ed21e2210ddee2c00d2e02210ddee2c00d2e0d21ed21e22ee22eed21ed21e22ee22ee2c00d2e0cc0022000c00d2e0cc002200884474bb844b4030884474bb844b40b474447444404040407444744440404040844b40b444bb0044844b40b444bb004440404040000000004040404000000000	dd11dd11d21ed21edd11dd11d21ed21e2210ddee2c00d2e02210ddee2c00d2e0d21ed21e22ee22eed21ed21e22ee22ee2c00d2e0cc0022000c00d2e0cc002200884474bb844b4030884474bb844b40b474447444404040407444744440404040844b40b444bb0044844b40b444bb004440404040000000004040404000000000	00110011021e021e00110011021e021e2210ddee2c00d2e02210ddee2c00d2e0021e021e22ee22ee021e021e22ee22ee2c00d2e0cc0022000c00d2e0cc00220088447433844b403088447433844b403474447444404040407444744440404040844b403444bb0044844b403444bb004440404040000000004040404000000000
04ce7b	21	12	10	335	dd11dd11d21ed21edd11dd11d21ed21e2211ddee2d1ed2e12211ddee2d1ed2e1d21ed21e22ee22eed21ed21e22ee22ee2d1ed2e1ddee22112d1ed2e1ddee2211884477bb874b78b4884477bb874b78b477447744784b784b77447744784b784b874b78b477bb8844874b78b477bb8844784b784b88bb88bb784b784b88bb88bb	00110011021e021e00110011021e021e2211ddee2c1ed2e12211ddee2c1ed2e1021e021e22ee22ee021e021e22ee22ee2c1ed2e1ccee22112c1ed2e1ccee221188447733874b783488447733874b783477447744784078407744774478407840874b783477bb8844874b783477bb884478407840880088007840784088008800	00110011021e021e00110011021e021e2211ddee2c1ed2e12211ddee2c1ed2e1021e021e22ee22ee021e021e22ee22ee2c1ed2e1ccee22110c1ed2e1ccee221188447733874b783088447733874b783477447744784078407744774478407840874b783477bb8844874b783477bb884478407840880088007840784088008800	dd11dd11d21ed21edd11dd11d21ed21e2210ddee2c00d2e02210ddee2c00d2e0d21ed21e22ee22eed21ed21e22ee22ee2c00d2e0cc0022000c00d2e0cc002200884474bb844b4030884474bb844b40b474447444404040407444744440404040844b40b444bb0044844b40b444bb004440404040000000004040404000000000	dd11dd11d21ed21edd11dd11d21ed21e2210ddee2c00d2e02210ddee2c00d2e0d21ed21e22ee22eed21ed21e22ee22ee2c00d2e0cc0022000c00d2e0cc002200884474bb844b4030884474bb844b40b474447444404040407444744440404040844b40b444bb0044844b40b444bb004440404040000000004040404000000000	00110011021e021e00110011021e021e2210ddee2c00d2e02210ddee2c00d2e0021e021e22ee22ee021e021e22ee22ee2c00d2e0cc0022000c00d2e0cc00220088447433844b403088447433844b403474447444404040407444744440404040844b403444bb0044844b403444bb004440404040000000004040404000000000
059b5d	21	12	10	341	d21e2de122eedd112de1d21edd1122ee2d1e2d1eddeeddeed2e1d2e122112211dd1122eed21e2de122eedd112de1d21e221122112d1e2d1eddeeddeed2e1d2e1874b874b77bb77bb78b478b488448844784b87b488bb774487b4784b774488bb88448844874b874b77bb77bb78b478b4774488bb784b87b488bb774487b4784b	021e2de122eedd112de1d21ecc1122ee2d1e2d1eddeeddeed2e1d2e122112211001122eed21e2de122eedd112ce1d21e221122112d1e2d1eddeeddeed2e1d2e1874b874b77bb77bb78b478b488448844784b873488bb774487b4784b7744880088448844874b874b77bb77bb78b478b477448833784b87b488bb774487b47840	021e2de122eedd112de1d21ecc1122ee2d1e2d1eddeeddeed2e1d2e122112211001122eed21e2de122eedd112ce1d21e221122112d1e2d1eddeeddeed2e1d2e1874b874b77bb77bb78b478b488448844784b873488bb774487b4784b7744880088448844874b874b77bb77bb78b478b477448833784b87b488bb774487b47840	d21e2de122eedd112de1d21ecc0022ee2d1e2d1eddeeddeed2e1d2e122002200dd1122eed21e2de122eedd112ce0d21e221122112d1e2d1eddeeddeed2e0d2e0874b874b44bb44bb48b448b400440044784b87b488bb444487b4484b4444000088448844844b844b44bb44bb40b440b4774488bb784b84b488bb444484b44040	d21e2de122eedd112de1d21ecc0022ee2d1e2d1eddeeddeed2e1d2e122002200dd1122eed21e2de122eedd112ce0d21e221122112d1e2d1eddeeddeed2e0d2e0874b874b44bb44bb48b448b400440044784b87b488bb444487b4484b4444000088448844844b844b44bb44bb40b440b4774488bb784b84b488bb444484b44040	021e2de122eedd112de1d21ecc0022ee2d1e2d1eddeeddeed2e1d2e122002200001122eed21e2de122eedd112ce0d21e221122112d1e2d1eddeeddeed2e0d2e0874b874b44bb44bb48b448b400440044784b873488bb444487b4484b4444000088448844844b844b44bb44bb40b440b477448833784b84b488bb444484b44040
004b53	21	8	10	342	b4784b874488bb774b87b478bb7744884b784b78bb88bb88b487b48744774477bb774488b4784b874488bb774b87b478447744774b784b78bb88bb88b487b487e12de12d11dd11dd1ed21ed2ee22ee221e2de1d2eedd1122e1d21e2d1122eeddee22ee22e12de12d11dd11dd1ed21ed21122eedd1e2de1d2eedd1122e1d21e2d	14784b874488bb774b87b478887744884b784b78bb88bb88b487b4874477447711774488b4784b874488bb774887b478447744774b784b78bb88bb88b487b487e12de12d11dd11dd1ed21ed2ee22ee221e2de112eedd1122e1d21e2d1122ee88ee22ee22e12de12d11dd11dd1ed21ed21122ee111e2de1d2eedd1122e1d21e28	14584b874488bb774b87b478887744884b784b78bb88bb88b487b4874477447711774488b4784b874488bb774887b478447744774b784b78bb88bb88b487b487e12de12d11dd11dd1ed21ed2ee22ee221e2de112eedd1122e1d21e2d1122ee88ee22ee22e12de12d11dd11dd1ed21ed21122ee111e2de1d2eedd1122e1d21a28	b4584b874488bb774b87b478880044884b784b78bb88bb88b487b48744004400bb774488b4784b874488bb774880b478447744774b784b78bb88bb88b480b480e12de12d00dd00dd0ed20ed2882288221e2de1d2eedd0022e1d20e2d00228888ee22ee22e02de02d00dd00dd08d208d21122eedd1e2de0d2eedd0022e0d20828	b4584b874488bb774b87b478880044884b784b78bb88bb88b487b48744004400bb774488b4784b874488bb774880b478447744774b784b78bb88bb88b480b480e12de12d00dd00dd0ed20ed2882288221e2de1d2eedd0022e1d20e2d00228888ee22ee22e02de02d00dd00dd08d208d21122eedd1e2de0d2eedd0022e0d20828	14584b874488bb774b87b478880044884b784b78bb88bb88b487b4874400440011774488b4784b874488bb774880b478447744774b784b78bb88bb88b480b480e12de12d00dd00dd0ed20ed2882288221e2de112eedd0022e1d20e2d00228888ee22ee22e02de02d00dd00dd08d208d21122ee111e2de0d2eedd0022e0d20828
05755b	21	12	10	350	874b874b77bb77bb78b478b488448844784b87b488bb774487b4784b774488bb88448844874b874b77bb77bb78b478b4774488bb784b87b488bb774487b4784bd21e2de122eedd112de1d21edd1122ee2d1e2d1eddeeddeed2e1d2e122112211dd1122eed21e2de122eedd112de1d21e221122112d1e2d1eddeeddeed2e1d2e1	074b074b77bb77bb78b478b488448844784b87b488bb774487b4784b444488bb00440044874b874b77bb77bb78b478b4774488bb784b87b488bb774484b4784bd21e2d2122eedd112de1d21edd1122ee2d1e2d1eddeeddeed2e1d2e122002200dd112222d21e2de122eedd112de1d21e221122112d1e2d1eddeeddeed2e0d2e0	074b074b77bb77bb78b478b488448844784b87b488bb774487b4784b444488bb00440044874b874b77bb77bb78b478b4774488bb784b87b488bb774484b4784bd21e2d2122eedd112de1d21edd1122ee2d1e2d1eddeeddeed2e1d2e122002200dd112222d21e2de122eedd112de1d21e221122112d1e2d1eddeeddeed2e0d2e0	874b874b77bb77bb78b478b488448844784b87b4880077448704784b4400880088448844874b874b77bb77bb78b478b4774488bb784087b48800774484007840d21e2de122eecc112de1c21ecc1100ee2d1e2d1ecceecceec2e1c2e100000000dd1122eed21e2ce122eecc112ce1c01e221122112c1e2c1ecceecceec0e0c0e0	874b874b77bb77bb78b478b488448844784b87b4880077448704784b4400880088448844874b874b77bb77bb78b478b4774488bb784087b48800774484007840d21e2de122eecc112de1c21ecc1100ee2d1e2d1ecceecceec2e1c2e100000000dd1122eed21e2ce122eecc112ce1c01e221122112c1e2c1ecceecceec0e0c0e0	074b074b77bb77bb78b478b488448844784b87b4880077448704784b4400880000440044874b874b77bb77bb78b478b4774488bb784087b48800774484007840d21e2d2122eecc112de1c21ecc1100ee2d1e2d1ecceecceec2e1c2e100000000dd112222d21e2ce122eecc112ce1c01e221122112c1e2c1ecceecceec0e0c0e0
015f1f	21	12	9	35c	00bb00bb000b000b004400440004000400bb0044000b0004004400bb0004000b00b000b000bb00bb004000400044004400b0004000bb0044004000b0004400bbdd0022000d0002002200dd0002000d002200220002000200dd00dd000d000d00d0002000dd0022002000d0002200dd002000200022002200d000d000dd00dd00	00bb00bb000b000b004400440004000400bb0044000b0004004400bb0004000b00b000b000bb00bb004000400044004400b0004000bb0044004000b0004400bbdd0022000d0002002200dd0002000d002200220002000200dd00dd000d000d00d0002000dd0022002000d0002200dd002000200022002200d000d000dd00dd00	00bb00bb000b000b004400440004000400bb0044000b0004004400bb0004000b00b000b000bb00bb004000400044004400b0004000bb0044004000b0004400bbdd0022000d0002002200dd0002000d002200220002000200dd00dd000d000d00d0002000dd0022002000d0002200dd002000200022002200d000d000dd00dd00	00bb00bb000b000b004400440004000400bb004400000004004400bb0000000000b000b000bb00bb004000400044004400000040000000440000000000000000dd0022000d0002002200dd00020000002200220002000200dd00dd0000000000d0002000dd002200200000002200000020002000220022000000000000000000	00bb00bb000b000b004400440004000400bb004400000004004400bb0000000000b000b000bb00bb004000400044004400000040000000440000000000000000dd0022000d0002002200dd00020000002200220002000200dd00dd0000000000d0002000dd002200200000002200000020002000220022000000000000000000	00bb00bb000b000b004400440004000400bb004400000004004400bb0000000000b000b000bb00bb004000400044004400000040000000440000000000000000dd0022000d0002002200dd00020000002200220002000200dd00dd0000000000d0002000dd002200200000002200000020002000220022000000000000000000
03b2cf	21	12	9	363	002000d0002200dd00d0002000dd0022002000200022002200d000d000dd00dd002200dd0002000d00dd0022000d0002002200220002000200dd00dd000d000db000b000bb00bb0040004000440044004000b0004400bb00b0004000bb004400bb00bb000b000b0044004400040004004400bb0004000b00bb0044000b000400	002000d0002200dd00d0002000dd0022002000200022002200d000d000dd00dd002200dd0002000d00dd0022000d0002002200220002000200dd00dd000d000db000b000bb00bb0040004000440044004000b0004400bb00b0004000bb004400bb00bb000b000b0044004400040004004400bb0004000b00bb0044000b000400	002000d0002200dd00d0002000dd0022002000200022002200d000d000dd00dd002200dd0002000d00dd0022000d0002002200220002000200dd00dd000d000db000b000bb00bb0040004000440044004000b0004400bb00b0004000bb004400bb00bb000b000b0044004400040004004400bb0004000b00bb0044000b000400	002000d0002200dd00d0002000880022002000200022002200d000d000880088002200dd0002000d00d8002200080002002200220002000200d800d800080008b000b0008800880040004000000000004000b00044008800b000400088000000b800b8000800080040004000000000004400b80004000800b800400008000000	002000d0002200dd00d0002000880022002000200022002200d000d000880088002200dd0002000d00d8002200080002002200220002000200d800d800080008b000b0008800880040004000000000004000b00044008800b000400088000000b800b8000800080040004000000000004400b80004000800b800400008000000	002000d0002200dd00d0002000880022002000200022002200d000d000880088002200dd0002000d00d8002200080002002200220002000200d800d800080008b000b0008800880040004000000000004000b00044008800b000400088000000b800b8000800080040004000000000004400b80004000800b800400008000000
00dd3f	21	12	10	366	bb774488b4784b874488bb774b87b478447744774b784b78bb88bb88b487b487b4784b874488bb774b87b478bb7744884b784b78bb88bb88b487b48744774477ee22ee22e12de12d11dd11dd1ed21ed21122eedd1e2de1d2eedd1122e1d21e2de12de12d11dd11dd1ed21ed2ee22ee221e2de1d2eedd1122e1d21e2d1122eedd	1177448814784b874488bb774887b478447744774b784b78bb88bb88b487b48714784b874488bb774887b478887744884b784b78bb88bb88b487b48744774477ee22ee22e12de12d11dd11dd1ed21ed21122ee111e2de112eedd1122e1d21e28e12de12d11dd11dd1ed21ed2ee22ee221e2de112eedd1122e1d21e281122ee88	1177448814784b874488bb774887b478447744774b784b78bb88bb88b487b48714784b874488bb774887b478887744884b784b78bb88bb88b487b48744774477ee22ee22e12de12d11dd11dd1ed21ed21122ee111e2de112eedd1122e1d21e28e12de12d11dd11dd1ed21ed2ee22ee221e2de112eedd1122e1d21e281122ee88	bb774488b4784b874488bb774880b478447744774b784b78bb88bb88b480b480b4784b874488bb774880b478880044884b784b78bb88bb88b480b48044004400ee22ee22e02de02d10dd10dd08d208d21122eedd1e2de0d2eedd1022e0d20828e02de02d00dd00dd08d208d2882288221e2de0d2eedd0022e0d2082800228888	bb774488b4784b874488bb774880b478447744774b784b78bb88bb88b480b480b4784b874488bb774880b478880044884b784b78bb88bb88b480b48044004400ee22ee22e02de02d10dd10dd08d208d21122eedd1e2de0d2eedd1022e0d20828e02de02d00dd00dd08d208d2882288221e2de0d2eedd0022e0d2082800228888	1177448814784b874488bb774880b478447744774b784b78bb88bb88b480b48014784b874488bb774880b478880044884b784b78bb88bb88b480b48044004400ee22ee22e02de02d10dd10dd08d208d21122ee111e2de012eedd1022e0d20828e02de02d00dd00dd08d208d2882288221e2de012eedd0022e0d2082800228888
035af9	21	12	10	366	bb774488b4784b874488bb774b87b478447744774b784b78bb88bb88b487b487b4784b874488bb774b87b478bb7744884b784b78bb88bb88b487b48744774477ee22ee22e12de12d11dd11dd1ed21ed21122eedd1e2de1d2eedd1122e1d21e2de12de12d11dd11dd1ed21ed2ee22ee221e2de1d2eedd1122e1d21e2d1122eedd	1177448814784b874488bb774887b478447744774b784b78bb88bb88b487b48714784b874488bb774887b478887744884b784b78bb88bb88b487b48744774477ee22ee22e12de12d11dd11dd1ed21ed21122ee111e2de112eedd1122e1d21e28e12de12d11dd11dd1ed21ed2ee22ee221e2de112eedd1122e1d21e281122ee88	1177448814784b874488bb774887b478447744774b784b78bb88bb88b487b48714784b874488bb774887b478887744884b784b78bb88bb88b487b48744774477ee22ee22e12de12d11dd11dd1ed21ed21122ee111e2de112eedd1122e1d21e28e12de12d11dd11dd1ed21ed2ee22ee221e2de112eedd1122e1d21e281122ee88	bb774488b4784b874488bb774880b478447744774b784b78bb88bb88b480b480b4784b874488bb774880b478880044884b784b78bb88bb88b480b48044004400ee22ee22e02de02d10dd10dd08d208d21122eedd1e2de0d2eedd1022e0d20828e02de02d00dd00dd08d208d2882288221e2de0d2eedd0022e0d2082800228888	bb774488b4784b874488bb774880b478447744774b784b78bb88bb88b480b480b4784b874488bb774880b478880044884b784b78bb88bb88b480b48044004400ee22ee22e02de02d10dd10dd08d208d21122eedd1e2de0d2eedd1022e0d20828e02de02d00dd00dd08d208d2882288221e2de0d2eedd0022e0d2082800228888	1177448814784b874488bb774880b478447744774b784b78bb88bb88b480b48014784b874488bb774880b478880044884b784b78bb88bb88b480b48044004400ee22ee22e02de02d10dd10dd08d208d21122ee111e2de012eedd1022e0d20828e02de02d00dd00dd08d208d2882288221e2de012eedd0022e0d2082800228888
00a559	21	8	10	37d	ddeeddeed2e1d2e1221122112d1e2d1e22eedd112de1d21edd1122eed21e2de1d2e1d2e1221122112d1e2d1eddeeddee2de1d21edd1122eed21e2de122eedd1188bb774487b4784b774488bb784b87b477bb77bb78b478b488448844874b874b87b4784b774488bb784b87b488bb774478b478b488448844874b874b77bb77bb	00ee00ee02e102e1221122112d1e2d1e22eedd112de1d21edd1122eed21e2de102e102e1221122112d1e2d1eddeeddee2de1d21edd1122eed21e2de122eedd1188bb774487b4784b774488bb784b87b477bb77bb78b478b4884488448740874087b4784b774488bb784b87b488bb774478b478b4884488448740874077007700	00ee00ee02e102e1221122112d1e2d1e22eedd112de1d21edd1122eed21e2de102e102e1221122112d1e2d1eddeeddee2de1d21edd1122eed21e2de122eedd1188bb774487b4784b774488bb784b87b477bb77bb78b478b4884488448740874087b4784b774488bb784b87b488bb774478b478b4884488448740874077007700	ddeeddeed2e1d2e1221122112d1e2d1e22eedd112de0d21edd1022eed2002de0d2e1d2e1221122112d1e2d1eddeeddee2de0d21edd0022eed2002de02200dd0088bb774487b4704b774480bb704b00b477bb77bb70b470b4804480440040004087b4704b774400bb704b00b400bb004470b470b4004400440040004000000000	ddeeddeed2e1d2e1221122112d1e2d1e22eedd112de0d21edd1022eed2002de0d2e1d2e1221122112d1e2d1eddeeddee2de0d21edd0022eed2002de02200dd0088bb774487b4704b774480bb704b00b477bb77bb70b470b4804480440040004087b4704b774400bb704b00b400bb004470b470b4004400440040004000000000	00ee00ee02e102e1221122112d1e2d1e22eedd112de0d21edd1022eed2002de002e102e1221122112d1e2d1eddeeddee2de0d21edd0022eed2002de02200dd0088bb774487b4704b774480bb704b00b477bb77bb70b470b4804480440040004087b4704b774400bb704b00b400bb004470b470b4004400440040004000000000
01f99b	21	12	10	37e	bb88bb88b487b487447744774b784b784488bb774b87b478bb774488b4784b87b487b487447744774b784b78bb88bb884b87b478bb774488b4784b874488bb77eedd1122e1d21e2d1122eedd1e2de1d211dd11dd1ed21ed2ee22ee22e12de12de1d21e2d1122eedd1e2de1d2eedd11221ed21ed2ee22ee22e12de12d11dd11dd	1188118814871487447744774b784b784488bb774b87b478bb774488b0784b8714871487447744774b784b78bb88bb884b87b478bb774488b0784b870088bb77eedd1100e1d21e0d1122eedd1e2de1d211dd11dd1ed21ed2ee22ee22e128e128e1d21e0d1122eedd1e2de1d2eedd11221ed21ed2ee22ee22e128e12811881188	1188118814871487447744774b784b784488bb774b87b478bb774488b0784b8714871487447744774b784b78bb88bb884b87b478bb774488b0784b870088bb77eedd1100e1d21e0d1122eedd1e2de1d211dd11dd1ed21ed2ee22ee22e128e128e1d21e0d1122eedd1e2de1d2eedd11221ed21ed2ee22ee22e128e12811881188	bb88bb88b487b487447744774b784b784488bb774b80b478bb704488b0004b80b487b487447744774b784b78bb88bb884b80b478bb004488b0004b800000bb00eedd1122e1d21a2d1122eadd1a2da0d211dd11dd1ad21ad2ea22ea22a028a028e1d21a2d1122aadd1a2da0d2aadd00221ad21ad2aa22aa22a028a02800880088	bb88bb88b487b487447744774b784b784488bb774b80b478bb704488b0004b80b487b487447744774b784b78bb88bb884b80b478bb004488b0004b800000bb00eedd1122e1d21a2d1122eadd1a2da0d211dd11dd1ad21ad2ea22ea22a028a028e1d21a2d1122aadd1a2da0d2aadd00221ad21ad2aa22aa22a028a02800880088	1188118814871487447744774b784b784488bb774b80b478bb704488b0004b8014871487447744774b784b78bb88bb884b80b478bb004488b0004b800000bb00eedd1100e1d21a0d1122eadd1a2da0d211dd11dd1ad21ad2ea22ea22a028a028e1d21a0d1122aadd1a2da0d2aadd00221ad21ad2aa22aa22a028a02800880088
05676d	21	12	10	381	d21e2de122eedd11d21e2de122eedd11d2e1d2e122112211d2e1d2e122112211dd1122eed21e2de1dd1122eed21e2de1ddeeddeed2e1d2e1ddeeddeed2e1d2e1874b874b77bb77bb874b874b77bb77bb87b4784b774488bb87b4784b774488bb88448844874b874b88448844874b874b88bb774487b4784b88bb774487b4784b	021e2de122eedd11021e2de122eedd1102e102e12211221102e102e122112211001122eed21e2de1001122eed21e2de100ee00eed2e1d2e100ee00eed2e1d2e1874b874b77007700874b874b7700770087b4784b7744880087b4784b774488008844884487408740884488448740874088bb774487b4784088bb774487b47840	021e2de122eedd11021e2de122eedd1102e102e12211221102e102e122112211001122eed21e2de1001122eed21e2de100ee00eed2e1d2e100ee00eed2e1d2e1874b874b77007700874b874b7700770087b4784b7744880087b4784b774488008844884487408740884488448740874088bb774487b4784088bb774487b47840	d20e2de12200dd00d20e2de12200dd00d2e1d2e122002200d2e1d2e122002200dd0022eed2002de0dd0022eed2002de0ddeeddeed2e0d2e0ddeeddeed2e0d2e0874b874b44004400874b874b4400440087b4484b4444000087b4484b444400008844884484408440884488448440844088bb444484b4404088bb444484b44040	d20e2de12200dd00d20e2de12200dd00d2e1d2e122002200d2e1d2e122002200dd0022eed2002de0dd0022eed2002de0ddeeddeed2e0d2e0ddeeddeed2e0d2e0874b874b44004400874b874b4400440087b4484b4444000087b4484b444400008844884484408440884488448440844088bb444484b4404088bb444484b44040	020e2de12200dd00020e2de12200dd0002e102e12200220002e102e122002200000022eed2002de0000022eed2002de000ee00eed2e0d2e000ee00eed2e0d2e0874b874b44004400874b874b4400440087b4484b4444000087b4484b444400008844884484408440884488448440844088bb444484b4404088bb444484b44040
01df4d	21	12	9	387	002200dd0002000d002200dd0002000d00dd00dd000d000d00dd00dd000d000d002000d0002200dd002000d0002200dd00d000d000dd00dd00d000d000dd00ddbb00bb000b000b00bb00bb000b000b00bb0044000b000400bb0044000b000400b000b000bb00bb00b000b000bb00bb00b0004000bb004400b0004000bb004400	002200dd0002000d002200dd0002000d00dd00dd000d000d00dd00dd000d000d002000d0002200dd002000d0002200dd00d000d000dd00dd00d000d000dd00ddbb00bb000b000b00bb00bb000b000b00bb0044000b000400bb0044000b000400b000b000bb00bb00b000b000bb00bb00b0004000bb004400b0004000bb004400	002200dd0002000d002200dd0002000d00dd00dd000d000d00dd00dd000d000d002000d0002200dd002000d0002200dd00d000d000dd00dd00d000d000dd00ddbb00bb000b000b00bb00bb000b000b00bb0044000b000400bb0044000b000400b000b000bb00bb00b000b000bb00bb00b0004000bb004400b0004000bb004400	002200dd00000008002200dd0000000800dd00dd0008000800dd00dd000800080000008000000088000000800000008800800080008800880080008000880088bb00bb0008000800bb00bb0008000800bb00440008000000bb004400080000008000800088008800800080008800880080000000880000008000000088000000	002200dd00000008002200dd0000000800dd00dd0008000800dd00dd000800080000008000000088000000800000008800800080008800880080008000880088bb00bb0008000800bb00bb0008000800bb00440008000000bb004400080000008000800088008800800080008800880080000000880000008000000088000000	002200dd00000008002200dd0000000800dd00dd0008000800dd00dd000800080000008000000088000000800000008800800080008800880080008000880088bb00bb0008000800bb00bb0008000800bb00440008000000bb004400080000008000800088008800800080008800880080000000880000008000000088000000
06ba9d	21	12	10	38b	e1d21e2d1122eedde1d21e2d1122eedde12de12d11dd11dde12de12d11dd11ddeedd1122e1d21e2deedd1122e1d21e2dee22ee22e12de12dee22ee22e12de12db487b48744774477b487b48744774477b4784b874488bb77b4784b874488bb77bb88bb88b487b487bb88bb88b487b487bb774488b4784b87bb774488b4784b87	01d21e2d1122eedd01d21e2d1122eedd012d012d11dd11dd012d012d11dd11dd00dd1122e1d21e2d00dd1122e1d21e2d00220022e12de12d00220022e12de12db487b48744004400b487b48744004400b4784b874488bb00b4784b874488bb00bb88bb88b480b480bb88bb88b480b480bb774488b4784b80bb774488b4784b80	01d21e2d1122eedd01d21e2d1122eedd012d012c11dd11dd012d012d11dd11dd00dd1122e1d21e2d00dd1122e1d21e2d00220022e12de12d00220022e12de12db487b48744004400b487b48744004400b4784b874488bb00b4784b874488bb00bb88bb88b480b480bb88bb883480b480bb774488b4784b80bb774488b4784b80	e1821e2d1100ee88e1821e2d1100ee88e12de12c11881188e12de12d11881188ee881122e1801e28ee881122e1801e28ee22ee22e128e128ee22ee22e128e128b487b48700000000b487b48700000000b4780b8700880000b4780b8700880000bb88bb88b080b080bb88bb883080b080bb770088b0780080bb770088b0780080	e1821e2d1100ee88e1821e2d1100ee88e12de12c11881188e12de12d11881188ee881122e1801e28ee881122e1801e28ee22ee22e128e128ee22ee22e128e128b487b48700000000b487b48700000000b4780b8700880000b4780b8700880000bb88bb88b080b080bb88bb883080b080bb770088b0780080bb770088b0780080	01821e2d1100ee8801821e2d1100ee88012d012c11881188012d012d1188118800881122e1801e2800881122e1801e2800220022e128e12800220022e128e128b487b48700000000b487b48700000000b4780b8700880000b4780b8700880000bb88bb88b080b080bb88bb883080b080bb770088b0780080bb770088b0780080
0229a3	21	8	10	390	874b874b77bb77bb874b874b77bb77bb87b4784b774488bb87b4784b774488bb88448844874b874b88448844874b874b88bb774487b4784b88bb774487b4784bd21e2de122eedd11d21e2de122eedd11d2e1d2e122112211d2e1d2e122112211dd1122eed21e2de1dd1122eed21e2de1ddeeddeed2e1d2e1ddeeddeed2e1d2e1	074b074b77bb77bb074b074b77bb77bb07b4784b444488bb07b4784b444488bb00440044874b874b00440044874b874b00bb774484b4784b00bb774484b4784bd21e2d2122eedd00d21e2d2122eedd00d2e1d2e122002200d2e1d2e122002200dd112222d21e2de0dd112222d21e2de0ddeeddeed2e0d2e0ddeeddeed2e0d2e0	074b074b77bb77bb074b074b77bb77bb07b4384b444488bb07b4784b444488bb00440044874b874b00440044874b874b00bb774484b4784b00bb774484b4784bd21e2d2122eedd00d21e2d2122eedd00d2e1d2e122002200d2e1d2e122002200dd112222d21e2de0dd112222d21c2de0ddeeddeed2e0d2e0ddeeddeed2e0d2e0	874b874b77007700874b874b770077008704384b440088008704784b440088008844884487408740884488448740874088007744840078408800774484007840d21e2de122eecc00d21e2de122eecc00c2e1c2e100000000c2e1c2e100000000dd1122eed21e2ce0dd1122eed21c2ce0cceecceec0e0c0e0cceecceec0e0c0e0	874b874b77007700874b874b770077008704384b440088008704784b440088008844884487408740884488448740874088007744840078408800774484007840d21e2de122eecc00d21e2de122eecc00c2e1c2e100000000c2e1c2e100000000dd1122eed21e2ce0dd1122eed21c2ce0cceecceec0e0c0e0cceecceec0e0c0e0	074b074b77007700074b074b770077000704384b440088000704784b440088000044004487408740004400448740874000007744840078400000774484007840d21e2d2122eecc00d21e2d2122eecc00c2e1c2e100000000c2e1c2e100000000dd112222d21e2ce0dd112222d21c2ce0cceecceec0e0c0e0cceecceec0e0c0e0
001f15	21	8	10	39a	b487b48744774477b487b48744774477b4784b874488bb77b4784b874488bb77bb88bb88b487b487bb88bb88b487b487bb774488b4784b87bb774488b4784b87e1d21e2d1122eedde1d21e2d1122eedde12de12d11dd11dde12de12d11dd11ddeedd1122e1d21e2deedd1122e1d21e2dee22ee22e12de12dee22ee22e12de12d	1487148744774477148714874477447714784b870088bb7714784b870088bb7711881188b487b48711881188b487b48711774488b0784b8711774488b0784b87e1d21e0d1122ee88e1d21e0d1122ee88e12de12d11881188e12de12d11881188eedd1100e1d21e28eedd1100e1d21e28ee22ee22e128e128ee22ee22e128e128	1487148744774477148714874477447714784b870088bb7714784b870088bb7711881188b487b48711881188b487b48711774488b0784b8711774488b0784b87e1d21e0d1122ee88e1d21e0d1122ee88e12de12d11881188e12de12d11881188eedd1100e1d21e28eedd1100e1d21e28ee22ee22e128e128ee22ee22e128e128	b487b48744004400b487b48744004400b4084b870000bb00b4084b870000bb00bb88bb88b480b480bb88bb88b480b480bb004488b0004b80bb004488b0004b80e1d21e2d1122aa88e1d21e2d1122aa88a12da12d00880088a12da12d00880088eedd1122e1d21a28eedd1122e1d21a28aa22aa22a028a028aa22aa22a028a028	b487b48744004400b487b48744004400b4084b870000bb00b4084b870000bb00bb88bb88b480b480bb88bb88b480b480bb004488b0004b80bb004488b0004b80e1d21e2d1122aa88e1d21e2d1122aa88a12da12d00880088a12da12d00880088eedd1122e1d21a28eedd1122e1d21a28aa22aa22a028a028aa22aa22a028a028	1487148744004400148714874400440014084b870000bb0014084b870000bb0011881188b480b48011881188b480b48011004488b0004b8011004488b0004b80e1d21e0d1122aa88e1d21e0d1122aa88a12da12d00880088a12da12d00880088eedd1100e1d21a28eedd1100e1d21a28aa22aa22a028a028aa22aa22a028a028
01a3fb	21	12	10	3a6	bb774488b4784b87bb774488b4784b87bb88bb88b487b487bb88bb88b487b487b4784b874488bb77b4784b874488bb77b487b48744774477b487b48744774477ee22ee22e12de12dee22ee22e12de12deedd1122e1d21e2deedd1122e1d21e2de12de12d11dd11dde12de12d11dd11dde1d21e2d1122eedde1d21e2d1122eedd	1177448814784b871177448814784b871188118814871487118811881487148714784b874488bb7714784b874488bb7714871487447744771487148744774477ee22ee22e128e128ee22ee22e128e128eedd1122e1d21e28eedd1122e1d21e28e128e12811881188e128e12811881188e1d21e281122ee88e1d21e281122ee88	1177448814784b871177448814784b871188118814871487118811881487148714784b874488bb7714784b874488bb7714871487447744771487148744774477ee22ee22e128e128ee22ee22e128e128eedd1122e1d21e28eedd1122e1d21e28e128e12811881188e128e12811881188e1d21e281122ee88e1d21e281122ee88	bb704488b4004b80bb704488b4004b80bb88bb88b480b480bb88bb88b480b480b4004b804400bb00b4004b804400bb00b480b48044004400b480b48044004400ee22ee22e028e028ee22ee22e028e028eedd1022e0d20828eedd1022e0d20828e028e02800880088e028e02800880088e0d2082800228888e0d2082800228888	bb704488b4004b80bb704488b4004b80bb88bb88b480b480bb88bb88b480b480b4004b804400bb00b4004b804400bb00b480b48044004400b480b48044004400ee22ee22e028e028ee22ee22e028e028eedd1022e0d20828eedd1022e0d20828e028e02800880088e028e02800880088e0d2082800228888e0d2082800228888	1170448814004b801170448814004b801188118814801480118811881480148014004b804400bb0014004b804400bb0014801480440044001480148044004400ee22ee22e028e028ee22ee22e028e028eedd1022e0d20828eedd1022e0d20828e028e02800880088e028e02800880088e0d2082800228888e0d2082800228888
00b22b	21	8	10	3be	bb88bb88b487b487bb88bb88b487b487bb774488b4784b87bb774488b4784b87b487b48744774477b487b48744774477b4784b874488bb77b4784b874488bb77eedd1122e1d21e2deedd1122e1d21e2dee22ee22e12de12dee22ee22e12de12de1d21e2d1122eedde1d21e2d1122eedde12de12d11dd11dde12de12d11dd11dd	118811881487148711881188148714871177448810784b871177448810784b871487148744774477148714874477447710784b870088bb7710784b870088bb77eedd1100e1d21e08eedd1100e1d21e08ee22ee22e128e128ee22ee22e128e128e1d21e081122ee88e1d21e081122ee88e128e12811881188e128e12811881188	118811881487148711881188148714871177448810784b871177448810784b871487148744774477148714874477447610784b870088bb7710784b870088bb77eedd1100e1d21e08eedd1100e1d21e086e22ee22e128e128ee22ee22e128e128e1d21e081122ee88e1d21e081122ee88e128e12811881188e128e12811881188	bb88bb88b480b480bb88bb88b480b480bb704488b0004b80bb704488b0004b80b480b48044004400b480b48044004400b0004b800000bb00b0004b800000bb00eedd1122e1d21a28eedd1122e1d21a286a22ea22a028a028ea22ea22a028a028e1d21a281122aa88e1d21a281122aa88a028a02800880088a028a02800880088	bb88bb88b480b480bb88bb88b480b480bb704488b0004b80bb704488b0004b80b480b48044004400b480b48044004400b0004b800000bb00b0004b800000bb00eedd1122e1d21a28eedd1122e1d21a286a22ea22a028a028ea22ea22a028a028e1d21a281122aa88e1d21a281122aa88a028a02800880088a028a02800880088	118811881480148011881188148014801170448810004b801170448810004b801480148044004400148014804400440010004b800000bb0010004b800000bb00eedd1100e1d21a08eedd1100e1d21a086a22ea22a028a028ea22ea22a028a028e1d21a081122aa88e1d21a081122aa88a028a02800880088a028a02800880088
024d15	21	8	10	3e7	ee2211dde12d1ed211ddee221ed2e12deeddeedde1d2e1d2112211221e2d1e2de12d1ed211ddee221ed2e12dee2211dde1d2e1d2112211221e2d1e2deeddeeddbb77bb77b478b478448844884b874b87bb884477b4874b784477bb884b78b487b478b478448844884b874b87bb77bb77b4874b784477bb884b78b487bb884477	002211dd012d1ed211ddee221ed2e12d00dd00dd01d201d2112211221e2d1e2d012d1ed211ddee221ed2e12dee2211dd01d201d2112211221e2d1e2deeddeeddbb77bb77b478b478448844884b804b80bb884477b4874b784477bb884b78b480b478b478448844884b804b80bb00bb00b4874b784477bb884b78b480bb884400	002211dd012d1ed211ddee221ed2e12d00dd00dd01d201d2112211221e2d1e2d012d1ed211ddee221ed2e12dee2211dd01d201d2112211221e2d1e2deeddeeddbb77bb77b478b478448844884b804b80bb884477b4874b784477bb884b78b480b478b478448844884b804b80bb00bb00b4874b784477bb884b78b480bb884400	ee2211dde1281ed211d8ee221e80e128eeddeedde1d2e1d2112211221e281e28e1281ed21188ee221e80e128ee001188e1d2e1d2112211221e281e28ee88ee88bb77bb77b478b4784488448848804880bb884477b48748784477b88848788080b478b478448844884880488088008800b4874878447788884878808088880000	ee2211dde1281ed211d8ee221e80e128eeddeedde1d2e1d2112211221e281e28e1281ed21188ee221e80e128ee001188e1d2e1d2112211221e281e28ee88ee88bb77bb77b478b4784488448848804880bb884477b48748784477b88848788080b478b478448844884880488088008800b4874878447788884878808088880000	002211dd01281ed211d8ee221e80e12800dd00dd01d201d2112211221e281e2801281ed21188ee221e80e128ee00118801d201d2112211221e281e28ee88ee88bb77bb77b478b4784488448848804880bb884477b48748784477b88848788080b478b478448844884880488088008800b4874878447788884878808088880000
00c21f	21	8	9	3eb	00d0002000dd0022002000d0002200dd002000200022002200d000d000dd00dd00dd0022000d0002002200dd0002000d002200220002000200dd00dd000d000db000b000bb00bb004000400044004400b0004000bb0044004000b0004400bb00bb00bb000b000b004400440004000400bb0044000b0004004400bb0004000b00	00d0002000dd0022002000d0002200dd002000200022002200d000d000dd00dd00dd0022000d0002002200dd0002000d002200220002000200dd00dd000d000db000b000bb00bb004000400044004400b0004000bb0044004000b0004400bb00bb00bb000b000b004400440004000400bb0044000b0004004400bb0004000b00	00d0002000dd0022002000d0002200dd002000200022002200d000d000dd00dd00dd0022000d0002002200dd0002000d002200220002000200dd00dd000d000db000b000bb00bb004000400044004400b0004000bb0044004000b0004400bb00bb00bb000b000b004400440004000400bb0044000b0004004400bb0004000b00	00d0002000880022002000d000000088002000200022002200d000d00088008800d8002200080002002000d800000008002200220002000200d800d800080008b000b000bb00bb004000400000000000b0004000bb0000004000b00000000000bb00bb000b000b004000400000000000bb0040000b0000004000b00000000000	00d0002000880022002000d000000088002000200022002200d000d00088008800d8002200080002002000d800000008002200220002000200d800d800080008b000b000bb00bb004000400000000000b0004000bb0000004000b00000000000bb00bb000b000b004000400000000000bb0040000b0000004000b00000000000	00d0002000880022002000d000000088002000200022002200d000d00088008800d8002200080002002000d800000008002200220002000200d800d800080008b000b000bb00bb004000400000000000b0004000bb0000004000b00000000000bb00bb000b000b004000400000000000bb0040000b0000004000b00000000000
02bbd9	21	12	10	3ee	bb884477b4874b784477bb884b78b487bb77bb77b478b478448844884b874b87b4874b784477bb884b78b487bb884477b478b478448844884b874b87bb77bb77eeddeedde1d2e1d2112211221e2d1e2dee2211dde12d1ed211ddee221ed2e12de1d2e1d2112211221e2d1e2deeddeedde12d1ed211ddee221ed2e12dee2211dd	1188447714874b784477bb884b78b4871177117714781478448844884b874b8714874b784477bb884b78b487bb88447714781478448844884b874b87bb77bb77eeddeedde1d2e1d2112211221e281e28ee2211dde12d1ed211ddee221ed2e128e1d2e1d2112211221e281e28ee88ee88e12d1ed211ddee221ed2e128ee221188	1188447714874b784477bb884b78b4871177117714781478448844884b874b8714874b784477bb884b78b487bb88447714781478448844884b874b87bb77bb77eeddeedde1d2e1d2112211221e281e28ee2211dde12d1ed211ddee221ed2e128e1d2e1d2112211221e281e28ee88ee88e12d1ed211ddee221ed2e128ee221188	bb884477b4804b784470bb884b00b480bb77bb77b478b478448844884b804b80b4804b784400bb884b00b480bb004400b478b478448844884b804b80bb00bb00eeddeedde1d2e1d2112211221a281a28ee2211dde12d1ad211ddea221ad2a028e1d2e1d2112211221a281a28aa88aa88e12d1ad211ddaa221ad2a028aa220088	bb884477b4804b784470bb884b00b480bb77bb77b478b478448844884b804b80b4804b784400bb884b00b480bb004400b478b478448844884b804b80bb00bb00eeddeedde1d2e1d2112211221a281a28ee2211dde12d1ad211ddea221ad2a028e1d2e1d2112211221a281a28aa88aa88e12d1ad211ddaa221ad2a028aa220088	1188447714804b784470bb884b00b4801177117714781478448844884b804b8014804b784400bb884b00b480bb00440014781478448844884b804b80bb00bb00eeddeedde1d2e1d2112211221a281a28ee2211dde12d1ad211ddea221ad2a028e1d2e1d2112211221a281a28aa88aa88e12d1ad211ddaa221ad2a028aa220088
049295	21	8	10	3ee	bb884477b4874b784477bb884b78b487bb77bb77b478b478448844884b874b87b4874b784477bb884b78b487bb884477b478b478448844884b874b87bb77bb77eeddeedde1d2e1d2112211221e2d1e2dee2211dde12d1ed211ddee221ed2e12de1d2e1d2112211221e2d1e2deeddeedde12d1ed211ddee221ed2e12dee2211dd	1188447714874b784477bb884b78b4871177117714781478448844884b874b8714874b784477bb884b78b487bb88447714781478448844884b874b87bb77bb77eeddeedde1d2e1d2112211221e281e28ee2211dde12d1ed211ddee221ed2e128e1d2e1d2112211221e281e28ee88ee88e12d1ed211ddee221ed2e128ee221188	1188447714874b784477bb884b78b4871177117714781478448844884b874b8714874b784477bb884b78b487bb88447714781478448844884b874b87bb77bb77eeddeedde1d2e1d2112211221e281e28ee2211dde12d1ed211ddee221ed2e128e1d2e1d2112211221e281e28ee88ee88e12d1ed211ddee221ed2e128ee221188	bb884477b4804b784470bb884b00b480bb77bb77b478b478448844884b804b80b4804b784400bb884b00b480bb004400b478b478448844884b804b80bb00bb00eeddeedde1d2e1d2112211221a281a28ee2211dde12d1ad211ddea221ad2a028e1d2e1d2112211221a281a28aa88aa88e12d1ad211ddaa221ad2a028aa220088	bb884477b4804b784470bb884b00b480bb77bb77b478b478448844884b804b80b4804b784400bb884b00b480bb004400b478b478448844884b804b80bb00bb00eeddeedde1d2e1d2112211221a281a28ee2211dde12d1ad211ddea221ad2a028e1d2e1d2112211221a281a28aa88aa88e12d1ad211ddaa221ad2a028aa220088	1188447714804b784470bb884b00b4801177117714781478448844884b804b8014804b784400bb884b00b480bb00440014781478448844884b804b80bb00bb00eeddeedde1d2e1d2112211221a281a28ee2211dde12d1ad211ddea221ad2a028e1d2e1d2112211221a281a28aa88aa88e12d1ad211ddaa221ad2a028aa220088
